row_index,cluster_rep,is_representative
0,0,1
21,0,0
76,0,0
161,0,0
183,0,0
220,0,0
336,0,0
380,0,0
381,0,0
1,1,1
2,2,1
3,3,1
5,3,0
6,3,0
7,3,0
8,3,0
11,3,0
15,3,0
16,3,0
18,3,0
20,3,0
22,3,0
24,3,0
26,3,0
32,3,0
35,3,0
36,3,0
39,3,0
41,3,0
42,3,0
44,3,0
46,3,0
47,3,0
49,3,0
50,3,0
52,3,0
53,3,0
54,3,0
55,3,0
58,3,0
59,3,0
60,3,0
66,3,0
71,3,0
72,3,0
73,3,0
74,3,0
75,3,0
77,3,0
79,3,0
80,3,0
81,3,0
82,3,0
83,3,0
85,3,0
87,3,0
88,3,0
89,3,0
91,3,0
92,3,0
95,3,0
98,3,0
100,3,0
102,3,0
103,3,0
104,3,0
105,3,0
107,3,0
109,3,0
110,3,0
112,3,0
113,3,0
114,3,0
120,3,0
122,3,0
124,3,0
126,3,0
131,3,0
133,3,0
135,3,0
136,3,0
138,3,0
139,3,0
140,3,0
141,3,0
142,3,0
143,3,0
144,3,0
145,3,0
146,3,0
147,3,0
148,3,0
150,3,0
152,3,0
153,3,0
155,3,0
156,3,0
157,3,0
159,3,0
162,3,0
163,3,0
166,3,0
168,3,0
173,3,0
175,3,0
176,3,0
178,3,0
184,3,0
185,3,0
186,3,0
187,3,0
188,3,0
189,3,0
190,3,0
192,3,0
193,3,0
194,3,0
195,3,0
197,3,0
198,3,0
199,3,0
200,3,0
201,3,0
204,3,0
205,3,0
206,3,0
207,3,0
208,3,0
209,3,0
211,3,0
212,3,0
215,3,0
216,3,0
222,3,0
223,3,0
224,3,0
225,3,0
226,3,0
227,3,0
230,3,0
232,3,0
233,3,0
234,3,0
235,3,0
236,3,0
238,3,0
243,3,0
244,3,0
245,3,0
246,3,0
247,3,0
248,3,0
249,3,0
250,3,0
251,3,0
252,3,0
254,3,0
255,3,0
257,3,0
258,3,0
259,3,0
261,3,0
262,3,0
264,3,0
265,3,0
266,3,0
267,3,0
268,3,0
270,3,0
272,3,0
274,3,0
275,3,0
276,3,0
277,3,0
279,3,0
280,3,0
281,3,0
282,3,0
283,3,0
284,3,0
285,3,0
287,3,0
290,3,0
291,3,0
295,3,0
297,3,0
299,3,0
301,3,0
302,3,0
306,3,0
308,3,0
309,3,0
312,3,0
313,3,0
314,3,0
316,3,0
319,3,0
320,3,0
322,3,0
323,3,0
325,3,0
326,3,0
328,3,0
329,3,0
330,3,0
332,3,0
333,3,0
337,3,0
338,3,0
339,3,0
343,3,0
344,3,0
345,3,0
346,3,0
349,3,0
350,3,0
351,3,0
353,3,0
354,3,0
355,3,0
357,3,0
358,3,0
360,3,0
362,3,0
364,3,0
365,3,0
366,3,0
367,3,0
369,3,0
370,3,0
371,3,0
373,3,0
374,3,0
375,3,0
376,3,0
379,3,0
382,3,0
384,3,0
386,3,0
387,3,0
388,3,0
389,3,0
390,3,0
393,3,0
394,3,0
395,3,0
396,3,0
397,3,0
398,3,0
400,3,0
403,3,0
404,3,0
405,3,0
406,3,0
407,3,0
409,3,0
411,3,0
413,3,0
417,3,0
418,3,0
420,3,0
421,3,0
422,3,0
424,3,0
425,3,0
426,3,0
428,3,0
429,3,0
431,3,0
434,3,0
435,3,0
436,3,0
437,3,0
438,3,0
439,3,0
440,3,0
446,3,0
447,3,0
448,3,0
449,3,0
450,3,0
451,3,0
452,3,0
453,3,0
454,3,0
456,3,0
458,3,0
459,3,0
461,3,0
462,3,0
463,3,0
467,3,0
468,3,0
471,3,0
473,3,0
475,3,0
476,3,0
478,3,0
479,3,0
481,3,0
482,3,0
484,3,0
485,3,0
488,3,0
491,3,0
494,3,0
496,3,0
500,3,0
501,3,0
503,3,0
504,3,0
506,3,0
507,3,0
508,3,0
510,3,0
511,3,0
512,3,0
513,3,0
514,3,0
515,3,0
522,3,0
523,3,0
524,3,0
526,3,0
527,3,0
528,3,0
529,3,0
531,3,0
533,3,0
534,3,0
535,3,0
536,3,0
539,3,0
540,3,0
542,3,0
544,3,0
546,3,0
547,3,0
548,3,0
550,3,0
552,3,0
553,3,0
555,3,0
557,3,0
558,3,0
559,3,0
560,3,0
562,3,0
563,3,0
568,3,0
570,3,0
571,3,0
572,3,0
573,3,0
574,3,0
575,3,0
576,3,0
577,3,0
578,3,0
581,3,0
583,3,0
584,3,0
586,3,0
587,3,0
588,3,0
589,3,0
590,3,0
591,3,0
592,3,0
593,3,0
594,3,0
595,3,0
598,3,0
599,3,0
600,3,0
602,3,0
603,3,0
604,3,0
605,3,0
606,3,0
607,3,0
608,3,0
609,3,0
611,3,0
612,3,0
613,3,0
614,3,0
615,3,0
616,3,0
617,3,0
619,3,0
620,3,0
622,3,0
623,3,0
625,3,0
627,3,0
628,3,0
632,3,0
633,3,0
634,3,0
635,3,0
636,3,0
637,3,0
638,3,0
639,3,0
640,3,0
641,3,0
645,3,0
646,3,0
647,3,0
648,3,0
649,3,0
650,3,0
651,3,0
652,3,0
653,3,0
663,3,0
664,3,0
665,3,0
666,3,0
667,3,0
668,3,0
669,3,0
670,3,0
671,3,0
672,3,0
673,3,0
675,3,0
676,3,0
677,3,0
678,3,0
679,3,0
680,3,0
681,3,0
682,3,0
683,3,0
684,3,0
685,3,0
686,3,0
687,3,0
688,3,0
689,3,0
690,3,0
691,3,0
692,3,0
693,3,0
694,3,0
695,3,0
696,3,0
702,3,0
703,3,0
704,3,0
705,3,0
706,3,0
707,3,0
708,3,0
709,3,0
710,3,0
711,3,0
713,3,0
714,3,0
716,3,0
717,3,0
719,3,0
720,3,0
721,3,0
722,3,0
723,3,0
725,3,0
727,3,0
728,3,0
729,3,0
730,3,0
731,3,0
732,3,0
733,3,0
734,3,0
735,3,0
736,3,0
737,3,0
738,3,0
739,3,0
740,3,0
741,3,0
742,3,0
743,3,0
744,3,0
745,3,0
746,3,0
747,3,0
748,3,0
749,3,0
750,3,0
752,3,0
755,3,0
756,3,0
758,3,0
759,3,0
761,3,0
763,3,0
764,3,0
765,3,0
766,3,0
767,3,0
768,3,0
769,3,0
770,3,0
772,3,0
773,3,0
774,3,0
775,3,0
777,3,0
778,3,0
779,3,0
780,3,0
781,3,0
782,3,0
785,3,0
786,3,0
787,3,0
788,3,0
789,3,0
790,3,0
793,3,0
795,3,0
796,3,0
797,3,0
798,3,0
799,3,0
800,3,0
803,3,0
804,3,0
805,3,0
806,3,0
807,3,0
808,3,0
809,3,0
810,3,0
814,3,0
816,3,0
817,3,0
819,3,0
821,3,0
823,3,0
824,3,0
825,3,0
826,3,0
828,3,0
829,3,0
830,3,0
831,3,0
832,3,0
834,3,0
835,3,0
836,3,0
837,3,0
838,3,0
839,3,0
840,3,0
841,3,0
842,3,0
843,3,0
844,3,0
845,3,0
846,3,0
847,3,0
848,3,0
849,3,0
850,3,0
852,3,0
853,3,0
854,3,0
855,3,0
856,3,0
857,3,0
858,3,0
859,3,0
860,3,0
862,3,0
863,3,0
864,3,0
865,3,0
866,3,0
867,3,0
868,3,0
873,3,0
885,3,0
886,3,0
887,3,0
890,3,0
891,3,0
892,3,0
893,3,0
894,3,0
895,3,0
896,3,0
897,3,0
899,3,0
900,3,0
901,3,0
902,3,0
903,3,0
904,3,0
905,3,0
906,3,0
907,3,0
908,3,0
910,3,0
911,3,0
912,3,0
914,3,0
916,3,0
917,3,0
918,3,0
919,3,0
920,3,0
921,3,0
922,3,0
925,3,0
929,3,0
930,3,0
931,3,0
932,3,0
933,3,0
936,3,0
937,3,0
939,3,0
941,3,0
942,3,0
943,3,0
944,3,0
945,3,0
947,3,0
948,3,0
949,3,0
950,3,0
952,3,0
953,3,0
954,3,0
958,3,0
960,3,0
961,3,0
962,3,0
963,3,0
965,3,0
970,3,0
971,3,0
976,3,0
978,3,0
980,3,0
982,3,0
983,3,0
984,3,0
985,3,0
986,3,0
987,3,0
988,3,0
991,3,0
992,3,0
993,3,0
994,3,0
995,3,0
996,3,0
997,3,0
998,3,0
999,3,0
1000,3,0
1001,3,0
1002,3,0
1003,3,0
1004,3,0
1005,3,0
1007,3,0
1008,3,0
1009,3,0
1010,3,0
1011,3,0
1012,3,0
1013,3,0
1014,3,0
1015,3,0
1016,3,0
1017,3,0
1018,3,0
1020,3,0
1022,3,0
1023,3,0
1024,3,0
1025,3,0
1026,3,0
1027,3,0
1030,3,0
1031,3,0
1034,3,0
1035,3,0
1036,3,0
1037,3,0
1038,3,0
1041,3,0
1042,3,0
1043,3,0
1044,3,0
1045,3,0
1046,3,0
1047,3,0
1048,3,0
1049,3,0
1050,3,0
1051,3,0
1052,3,0
1053,3,0
1054,3,0
1055,3,0
1056,3,0
1057,3,0
1058,3,0
1059,3,0
1060,3,0
1061,3,0
1062,3,0
1070,3,0
1071,3,0
1073,3,0
1074,3,0
1075,3,0
1076,3,0
1077,3,0
1078,3,0
1079,3,0
1080,3,0
1081,3,0
1082,3,0
1083,3,0
1087,3,0
1088,3,0
1089,3,0
1090,3,0
1093,3,0
1094,3,0
1095,3,0
1096,3,0
1097,3,0
1098,3,0
1099,3,0
1100,3,0
1101,3,0
1102,3,0
1103,3,0
1104,3,0
1105,3,0
1107,3,0
1108,3,0
1109,3,0
1110,3,0
1112,3,0
1117,3,0
1118,3,0
1120,3,0
1121,3,0
1122,3,0
1126,3,0
1127,3,0
1128,3,0
1132,3,0
1133,3,0
1137,3,0
1143,3,0
1145,3,0
1148,3,0
1149,3,0
1150,3,0
1152,3,0
1153,3,0
1159,3,0
1160,3,0
1161,3,0
1162,3,0
1163,3,0
1164,3,0
1165,3,0
1167,3,0
1168,3,0
1169,3,0
1170,3,0
1171,3,0
1172,3,0
1173,3,0
1174,3,0
1176,3,0
1177,3,0
1178,3,0
1179,3,0
1180,3,0
1181,3,0
1186,3,0
1187,3,0
1188,3,0
1189,3,0
1190,3,0
1193,3,0
1194,3,0
1195,3,0
1198,3,0
1199,3,0
1200,3,0
1201,3,0
1202,3,0
1203,3,0
1204,3,0
1205,3,0
1207,3,0
1208,3,0
1209,3,0
1210,3,0
1211,3,0
1212,3,0
1213,3,0
1214,3,0
1215,3,0
1216,3,0
1217,3,0
1218,3,0
1219,3,0
1220,3,0
1221,3,0
1222,3,0
1223,3,0
1224,3,0
1225,3,0
1226,3,0
1227,3,0
1229,3,0
1230,3,0
1231,3,0
1232,3,0
1233,3,0
1234,3,0
1235,3,0
1236,3,0
1237,3,0
1238,3,0
1239,3,0
1240,3,0
1241,3,0
1242,3,0
1243,3,0
1244,3,0
1245,3,0
1246,3,0
1247,3,0
1248,3,0
1249,3,0
1250,3,0
1251,3,0
1252,3,0
1253,3,0
1254,3,0
1255,3,0
1257,3,0
1258,3,0
1259,3,0
1260,3,0
1261,3,0
1262,3,0
1263,3,0
1264,3,0
1266,3,0
1267,3,0
1268,3,0
1269,3,0
1270,3,0
1271,3,0
1272,3,0
1273,3,0
1274,3,0
1275,3,0
1276,3,0
1277,3,0
1278,3,0
1281,3,0
1282,3,0
1283,3,0
1284,3,0
1286,3,0
1287,3,0
1288,3,0
1289,3,0
1290,3,0
1291,3,0
1292,3,0
1293,3,0
1294,3,0
1295,3,0
1296,3,0
1297,3,0
1298,3,0
1299,3,0
1300,3,0
1301,3,0
1303,3,0
1304,3,0
1305,3,0
1306,3,0
1307,3,0
1308,3,0
1309,3,0
1310,3,0
1312,3,0
1313,3,0
1314,3,0
1315,3,0
1316,3,0
1317,3,0
1318,3,0
1319,3,0
1320,3,0
1321,3,0
1322,3,0
1323,3,0
1324,3,0
1325,3,0
1326,3,0
1328,3,0
1329,3,0
1330,3,0
1331,3,0
1332,3,0
1333,3,0
1334,3,0
1335,3,0
1336,3,0
1337,3,0
1338,3,0
1339,3,0
1340,3,0
1341,3,0
1342,3,0
1343,3,0
1344,3,0
1345,3,0
1346,3,0
1347,3,0
1348,3,0
1349,3,0
1350,3,0
1351,3,0
1352,3,0
1353,3,0
1354,3,0
1355,3,0
1356,3,0
1357,3,0
1358,3,0
1359,3,0
1360,3,0
1361,3,0
1363,3,0
1364,3,0
1365,3,0
1366,3,0
1368,3,0
1369,3,0
1370,3,0
1371,3,0
1372,3,0
1373,3,0
1374,3,0
1375,3,0
1376,3,0
1377,3,0
1378,3,0
1379,3,0
1380,3,0
1381,3,0
1382,3,0
1383,3,0
1384,3,0
1385,3,0
1386,3,0
1387,3,0
1388,3,0
1389,3,0
1390,3,0
1391,3,0
1392,3,0
1393,3,0
1394,3,0
1395,3,0
1396,3,0
1397,3,0
1398,3,0
1399,3,0
1400,3,0
1402,3,0
1403,3,0
1404,3,0
1405,3,0
1406,3,0
1407,3,0
1408,3,0
1409,3,0
1410,3,0
1411,3,0
1412,3,0
1413,3,0
1414,3,0
1415,3,0
1416,3,0
1417,3,0
1418,3,0
1419,3,0
1420,3,0
1421,3,0
1422,3,0
1423,3,0
1424,3,0
1425,3,0
1426,3,0
1427,3,0
1428,3,0
1429,3,0
1430,3,0
1431,3,0
1432,3,0
1434,3,0
1435,3,0
1436,3,0
1437,3,0
1438,3,0
1439,3,0
1440,3,0
1441,3,0
1442,3,0
1443,3,0
1444,3,0
1445,3,0
1446,3,0
1448,3,0
1449,3,0
1450,3,0
1451,3,0
1452,3,0
1453,3,0
1454,3,0
1455,3,0
1457,3,0
1458,3,0
1459,3,0
1460,3,0
1461,3,0
1462,3,0
1463,3,0
1464,3,0
1465,3,0
1466,3,0
1467,3,0
1469,3,0
1470,3,0
1471,3,0
1472,3,0
1473,3,0
1474,3,0
1475,3,0
1476,3,0
1478,3,0
1479,3,0
1480,3,0
1481,3,0
1482,3,0
1483,3,0
1484,3,0
1485,3,0
1486,3,0
1487,3,0
1488,3,0
1489,3,0
1490,3,0
1491,3,0
1492,3,0
1494,3,0
1495,3,0
1496,3,0
1497,3,0
1498,3,0
1499,3,0
1500,3,0
1501,3,0
1502,3,0
1503,3,0
1504,3,0
1505,3,0
1506,3,0
1507,3,0
1508,3,0
1510,3,0
1511,3,0
1512,3,0
1513,3,0
1514,3,0
1515,3,0
1516,3,0
1518,3,0
1519,3,0
1520,3,0
1521,3,0
1522,3,0
1523,3,0
1524,3,0
1525,3,0
1526,3,0
1527,3,0
1528,3,0
1529,3,0
1530,3,0
1531,3,0
1532,3,0
1533,3,0
1534,3,0
1535,3,0
1536,3,0
1537,3,0
1538,3,0
1539,3,0
1540,3,0
1541,3,0
1542,3,0
1543,3,0
1544,3,0
1546,3,0
1547,3,0
1548,3,0
1549,3,0
1550,3,0
1551,3,0
1552,3,0
1555,3,0
1557,3,0
1558,3,0
1559,3,0
1560,3,0
1561,3,0
1562,3,0
1563,3,0
1564,3,0
1565,3,0
1567,3,0
1568,3,0
1569,3,0
1570,3,0
1571,3,0
1572,3,0
1574,3,0
1575,3,0
1576,3,0
1577,3,0
1578,3,0
1579,3,0
1580,3,0
1581,3,0
1583,3,0
1584,3,0
1585,3,0
1587,3,0
1588,3,0
1589,3,0
1590,3,0
1591,3,0
1592,3,0
1593,3,0
1594,3,0
1595,3,0
1596,3,0
1598,3,0
1600,3,0
1601,3,0
1602,3,0
1603,3,0
1604,3,0
1605,3,0
1606,3,0
1607,3,0
1608,3,0
1609,3,0
1610,3,0
1611,3,0
1612,3,0
1613,3,0
1614,3,0
1615,3,0
1616,3,0
1617,3,0
1618,3,0
1619,3,0
1620,3,0
1621,3,0
1622,3,0
1623,3,0
1624,3,0
1625,3,0
1626,3,0
1627,3,0
1628,3,0
1629,3,0
1630,3,0
1631,3,0
1632,3,0
1634,3,0
1635,3,0
1636,3,0
1637,3,0
1638,3,0
1639,3,0
1640,3,0
1641,3,0
1642,3,0
1643,3,0
1644,3,0
1645,3,0
1646,3,0
1648,3,0
1649,3,0
1650,3,0
1651,3,0
1652,3,0
1653,3,0
1654,3,0
1655,3,0
1656,3,0
1657,3,0
1658,3,0
1659,3,0
1660,3,0
1661,3,0
1662,3,0
1664,3,0
1665,3,0
1666,3,0
1667,3,0
1669,3,0
1670,3,0
1671,3,0
1672,3,0
1673,3,0
1674,3,0
1675,3,0
1677,3,0
1680,3,0
1681,3,0
1682,3,0
1683,3,0
1684,3,0
1685,3,0
1686,3,0
1687,3,0
1688,3,0
1689,3,0
1690,3,0
1691,3,0
1692,3,0
1693,3,0
1694,3,0
1696,3,0
1697,3,0
1698,3,0
1699,3,0
1700,3,0
1703,3,0
1704,3,0
1705,3,0
1706,3,0
1707,3,0
1708,3,0
1709,3,0
1710,3,0
1711,3,0
1712,3,0
1713,3,0
1714,3,0
1715,3,0
1716,3,0
1717,3,0
1718,3,0
1719,3,0
1720,3,0
1721,3,0
1722,3,0
1723,3,0
1724,3,0
1725,3,0
1726,3,0
1727,3,0
1728,3,0
1729,3,0
1730,3,0
1731,3,0
1732,3,0
1733,3,0
1734,3,0
1735,3,0
1736,3,0
1737,3,0
1738,3,0
1739,3,0
1740,3,0
1741,3,0
1742,3,0
1743,3,0
1744,3,0
1745,3,0
1746,3,0
1747,3,0
1748,3,0
1750,3,0
1751,3,0
1753,3,0
1754,3,0
1755,3,0
1756,3,0
1757,3,0
1758,3,0
1759,3,0
1760,3,0
1761,3,0
1762,3,0
1765,3,0
1766,3,0
1767,3,0
1768,3,0
1769,3,0
1770,3,0
1771,3,0
1772,3,0
1773,3,0
1774,3,0
1775,3,0
1776,3,0
1777,3,0
1778,3,0
1779,3,0
1780,3,0
1781,3,0
1782,3,0
1783,3,0
1784,3,0
1785,3,0
1786,3,0
1787,3,0
1788,3,0
1789,3,0
1790,3,0
1791,3,0
1792,3,0
1793,3,0
1794,3,0
1795,3,0
1796,3,0
1797,3,0
1798,3,0
1799,3,0
1800,3,0
1801,3,0
1802,3,0
1803,3,0
1804,3,0
1805,3,0
1806,3,0
1807,3,0
1808,3,0
1809,3,0
1810,3,0
1811,3,0
1812,3,0
1813,3,0
1814,3,0
1815,3,0
1816,3,0
1817,3,0
1819,3,0
1820,3,0
1821,3,0
1822,3,0
1823,3,0
1824,3,0
1825,3,0
1826,3,0
1827,3,0
1828,3,0
1829,3,0
1830,3,0
1831,3,0
1832,3,0
1833,3,0
1834,3,0
1835,3,0
1836,3,0
1837,3,0
1838,3,0
1839,3,0
1840,3,0
1841,3,0
1842,3,0
1843,3,0
1844,3,0
1845,3,0
1846,3,0
1847,3,0
1848,3,0
1849,3,0
1850,3,0
1851,3,0
1852,3,0
1853,3,0
1854,3,0
1855,3,0
1856,3,0
1857,3,0
1858,3,0
1859,3,0
1860,3,0
1861,3,0
1862,3,0
1863,3,0
1864,3,0
1865,3,0
1866,3,0
1867,3,0
1868,3,0
1869,3,0
1870,3,0
1871,3,0
1872,3,0
1873,3,0
1874,3,0
1875,3,0
1876,3,0
1877,3,0
1878,3,0
1879,3,0
1880,3,0
1881,3,0
1882,3,0
1883,3,0
1884,3,0
1885,3,0
1886,3,0
1887,3,0
1888,3,0
1889,3,0
1890,3,0
1891,3,0
1892,3,0
1893,3,0
1894,3,0
1895,3,0
1896,3,0
1897,3,0
1898,3,0
1899,3,0
1900,3,0
1901,3,0
1902,3,0
1903,3,0
1904,3,0
1905,3,0
1906,3,0
1907,3,0
1908,3,0
1909,3,0
1910,3,0
1911,3,0
1912,3,0
1913,3,0
1914,3,0
1915,3,0
1916,3,0
1917,3,0
1918,3,0
1919,3,0
1920,3,0
1921,3,0
1922,3,0
1923,3,0
1924,3,0
1925,3,0
1926,3,0
1927,3,0
1928,3,0
1929,3,0
1930,3,0
1931,3,0
1932,3,0
1933,3,0
1934,3,0
1935,3,0
1936,3,0
1937,3,0
1938,3,0
1939,3,0
1940,3,0
1941,3,0
1942,3,0
1943,3,0
1944,3,0
1945,3,0
1946,3,0
1947,3,0
1948,3,0
1949,3,0
1950,3,0
1951,3,0
1952,3,0
1953,3,0
1954,3,0
1955,3,0
1956,3,0
1957,3,0
1958,3,0
1959,3,0
1960,3,0
1961,3,0
1962,3,0
1963,3,0
1964,3,0
1965,3,0
1966,3,0
1967,3,0
1968,3,0
1969,3,0
1970,3,0
1971,3,0
1972,3,0
1973,3,0
1974,3,0
1975,3,0
1976,3,0
1977,3,0
1978,3,0
1979,3,0
1980,3,0
1981,3,0
1982,3,0
1983,3,0
1984,3,0
1985,3,0
1986,3,0
1987,3,0
1988,3,0
1989,3,0
1990,3,0
1991,3,0
1992,3,0
1993,3,0
1994,3,0
1995,3,0
1996,3,0
1997,3,0
1998,3,0
1999,3,0
2000,3,0
2002,3,0
2003,3,0
2004,3,0
2005,3,0
2006,3,0
2007,3,0
2008,3,0
2009,3,0
2010,3,0
2011,3,0
2012,3,0
2013,3,0
2014,3,0
2015,3,0
2016,3,0
2017,3,0
2018,3,0
2019,3,0
2020,3,0
2021,3,0
2022,3,0
2023,3,0
2024,3,0
2025,3,0
2026,3,0
2027,3,0
2028,3,0
2029,3,0
2030,3,0
2031,3,0
2032,3,0
2033,3,0
2034,3,0
2035,3,0
2036,3,0
2037,3,0
2038,3,0
2039,3,0
2040,3,0
2041,3,0
2042,3,0
2043,3,0
2044,3,0
2045,3,0
2046,3,0
2047,3,0
2048,3,0
2049,3,0
2050,3,0
2051,3,0
2052,3,0
2053,3,0
2054,3,0
2055,3,0
2056,3,0
2057,3,0
2058,3,0
2059,3,0
2062,3,0
2063,3,0
2066,3,0
2067,3,0
2068,3,0
2069,3,0
2070,3,0
2071,3,0
2072,3,0
2073,3,0
2074,3,0
2075,3,0
2076,3,0
2077,3,0
2078,3,0
2079,3,0
2080,3,0
2081,3,0
2082,3,0
2083,3,0
2084,3,0
2086,3,0
2087,3,0
2088,3,0
2089,3,0
2090,3,0
2091,3,0
2092,3,0
2093,3,0
2094,3,0
2095,3,0
2096,3,0
2097,3,0
2098,3,0
2099,3,0
2100,3,0
2101,3,0
2102,3,0
2103,3,0
2104,3,0
2105,3,0
2106,3,0
2107,3,0
2108,3,0
2109,3,0
2110,3,0
2111,3,0
2112,3,0
2113,3,0
2114,3,0
2115,3,0
2116,3,0
2117,3,0
2118,3,0
2119,3,0
2120,3,0
2121,3,0
2122,3,0
2123,3,0
2124,3,0
2125,3,0
2126,3,0
2127,3,0
2128,3,0
2129,3,0
2130,3,0
2131,3,0
2132,3,0
2133,3,0
2134,3,0
2135,3,0
2136,3,0
2137,3,0
2138,3,0
2139,3,0
2140,3,0
2141,3,0
2142,3,0
2143,3,0
2144,3,0
2145,3,0
2146,3,0
2147,3,0
2148,3,0
2149,3,0
2150,3,0
2151,3,0
2152,3,0
2153,3,0
2154,3,0
2155,3,0
2156,3,0
2157,3,0
2158,3,0
2159,3,0
2160,3,0
2161,3,0
2162,3,0
2163,3,0
2164,3,0
2165,3,0
2166,3,0
2167,3,0
2168,3,0
2169,3,0
2170,3,0
2171,3,0
2172,3,0
2173,3,0
2174,3,0
2175,3,0
2176,3,0
2177,3,0
2178,3,0
2179,3,0
2180,3,0
2181,3,0
2182,3,0
2183,3,0
2184,3,0
2185,3,0
2186,3,0
2187,3,0
2188,3,0
2189,3,0
2190,3,0
2191,3,0
2192,3,0
2193,3,0
2194,3,0
2195,3,0
2196,3,0
2197,3,0
2198,3,0
2199,3,0
2200,3,0
2201,3,0
2202,3,0
2203,3,0
2204,3,0
2205,3,0
2206,3,0
2207,3,0
2208,3,0
2209,3,0
2210,3,0
2211,3,0
2212,3,0
2213,3,0
2214,3,0
2215,3,0
2216,3,0
2217,3,0
2218,3,0
2219,3,0
2220,3,0
2221,3,0
2222,3,0
2223,3,0
2224,3,0
2225,3,0
2226,3,0
2227,3,0
2228,3,0
2229,3,0
2230,3,0
2231,3,0
2232,3,0
2233,3,0
2234,3,0
2235,3,0
2236,3,0
2237,3,0
2238,3,0
2239,3,0
2240,3,0
2241,3,0
2242,3,0
2243,3,0
2244,3,0
2245,3,0
2246,3,0
2247,3,0
2248,3,0
2249,3,0
2250,3,0
2251,3,0
2252,3,0
2253,3,0
2254,3,0
2255,3,0
2256,3,0
2257,3,0
2258,3,0
2259,3,0
2260,3,0
2261,3,0
2262,3,0
2263,3,0
2264,3,0
2265,3,0
2266,3,0
2267,3,0
2268,3,0
2269,3,0
2270,3,0
2271,3,0
2272,3,0
2273,3,0
2274,3,0
2275,3,0
2276,3,0
2277,3,0
2278,3,0
2279,3,0
2280,3,0
2281,3,0
2282,3,0
2283,3,0
2284,3,0
2285,3,0
2286,3,0
2287,3,0
2288,3,0
2289,3,0
2290,3,0
2291,3,0
2292,3,0
2293,3,0
2294,3,0
2295,3,0
2296,3,0
2297,3,0
2298,3,0
2299,3,0
2300,3,0
2301,3,0
2302,3,0
2303,3,0
2304,3,0
2305,3,0
2306,3,0
2307,3,0
2308,3,0
2309,3,0
2310,3,0
2311,3,0
2312,3,0
2313,3,0
2314,3,0
2315,3,0
2316,3,0
2317,3,0
2318,3,0
2319,3,0
2320,3,0
2321,3,0
2322,3,0
2323,3,0
2324,3,0
2325,3,0
2326,3,0
2327,3,0
2328,3,0
2329,3,0
2330,3,0
2331,3,0
2332,3,0
2333,3,0
2334,3,0
2335,3,0
2336,3,0
2337,3,0
2338,3,0
2339,3,0
2340,3,0
2341,3,0
2342,3,0
2343,3,0
2344,3,0
2345,3,0
2346,3,0
2347,3,0
2348,3,0
2349,3,0
2350,3,0
2351,3,0
2352,3,0
2353,3,0
2354,3,0
2355,3,0
2356,3,0
2357,3,0
2358,3,0
2359,3,0
2360,3,0
2361,3,0
2362,3,0
2363,3,0
2364,3,0
2365,3,0
2366,3,0
2367,3,0
2368,3,0
2369,3,0
2370,3,0
2371,3,0
2372,3,0
2373,3,0
2374,3,0
2375,3,0
2376,3,0
2377,3,0
2378,3,0
2379,3,0
2380,3,0
2381,3,0
2382,3,0
2383,3,0
2384,3,0
2385,3,0
2386,3,0
2387,3,0
2388,3,0
2389,3,0
2390,3,0
2391,3,0
2392,3,0
2393,3,0
2394,3,0
2395,3,0
2396,3,0
2397,3,0
2398,3,0
2399,3,0
2400,3,0
2401,3,0
2402,3,0
2403,3,0
2404,3,0
2405,3,0
2406,3,0
2407,3,0
2408,3,0
2409,3,0
2410,3,0
2411,3,0
2412,3,0
2413,3,0
2414,3,0
2415,3,0
2416,3,0
2417,3,0
2418,3,0
2419,3,0
2420,3,0
2421,3,0
2422,3,0
2423,3,0
2424,3,0
2425,3,0
2426,3,0
2427,3,0
2428,3,0
2429,3,0
2430,3,0
2431,3,0
2432,3,0
2433,3,0
2434,3,0
2435,3,0
2436,3,0
2437,3,0
2438,3,0
2439,3,0
2440,3,0
2441,3,0
2442,3,0
2443,3,0
2444,3,0
2445,3,0
2446,3,0
2447,3,0
2448,3,0
2449,3,0
2450,3,0
2451,3,0
2452,3,0
2453,3,0
2454,3,0
2455,3,0
2456,3,0
2457,3,0
2458,3,0
2459,3,0
2460,3,0
2461,3,0
2462,3,0
2463,3,0
2464,3,0
2465,3,0
2466,3,0
2467,3,0
2468,3,0
2469,3,0
2470,3,0
2471,3,0
2472,3,0
2473,3,0
2474,3,0
2475,3,0
2476,3,0
2477,3,0
2478,3,0
2479,3,0
2480,3,0
2481,3,0
2482,3,0
2483,3,0
2484,3,0
2485,3,0
2486,3,0
2487,3,0
2488,3,0
2489,3,0
2490,3,0
2491,3,0
2492,3,0
2493,3,0
2494,3,0
2495,3,0
2496,3,0
2497,3,0
2498,3,0
2499,3,0
2500,3,0
2501,3,0
2502,3,0
2503,3,0
2504,3,0
2505,3,0
2507,3,0
2508,3,0
2509,3,0
2510,3,0
2511,3,0
2512,3,0
2513,3,0
2514,3,0
2515,3,0
2516,3,0
2517,3,0
2518,3,0
2519,3,0
2520,3,0
2521,3,0
2522,3,0
2523,3,0
2524,3,0
2525,3,0
2526,3,0
2527,3,0
2528,3,0
2529,3,0
2530,3,0
2531,3,0
2532,3,0
2533,3,0
2534,3,0
2535,3,0
2536,3,0
2537,3,0
2538,3,0
2539,3,0
2540,3,0
2541,3,0
2542,3,0
2543,3,0
2544,3,0
2545,3,0
2546,3,0
2547,3,0
2548,3,0
2549,3,0
2550,3,0
2551,3,0
2552,3,0
2553,3,0
2554,3,0
2555,3,0
2556,3,0
2557,3,0
2558,3,0
2559,3,0
2560,3,0
2561,3,0
2562,3,0
2563,3,0
2564,3,0
2565,3,0
2566,3,0
2567,3,0
2568,3,0
2569,3,0
2570,3,0
2571,3,0
2572,3,0
2573,3,0
2574,3,0
2575,3,0
2576,3,0
2577,3,0
2578,3,0
2579,3,0
2580,3,0
2581,3,0
2582,3,0
2583,3,0
2584,3,0
2585,3,0
2586,3,0
2587,3,0
2588,3,0
2589,3,0
2590,3,0
2591,3,0
2592,3,0
2593,3,0
2594,3,0
2595,3,0
2596,3,0
2597,3,0
2598,3,0
2599,3,0
2600,3,0
2601,3,0
2602,3,0
2603,3,0
2604,3,0
2605,3,0
2606,3,0
2607,3,0
2608,3,0
2609,3,0
2610,3,0
2611,3,0
2612,3,0
2613,3,0
2615,3,0
2616,3,0
2617,3,0
2618,3,0
2619,3,0
2620,3,0
2621,3,0
2622,3,0
2624,3,0
2625,3,0
2626,3,0
2627,3,0
2628,3,0
2629,3,0
2630,3,0
2631,3,0
2632,3,0
2633,3,0
2634,3,0
2635,3,0
2636,3,0
2637,3,0
2638,3,0
2639,3,0
2640,3,0
2641,3,0
2642,3,0
2643,3,0
2644,3,0
2645,3,0
2646,3,0
2647,3,0
2648,3,0
2649,3,0
2650,3,0
2651,3,0
2652,3,0
2653,3,0
2654,3,0
2655,3,0
2656,3,0
2657,3,0
2658,3,0
2659,3,0
2660,3,0
2661,3,0
2662,3,0
2663,3,0
2664,3,0
2665,3,0
2666,3,0
2667,3,0
2668,3,0
2669,3,0
2670,3,0
2671,3,0
2672,3,0
2673,3,0
2674,3,0
2675,3,0
2676,3,0
2677,3,0
2678,3,0
2679,3,0
2680,3,0
2681,3,0
2682,3,0
2683,3,0
2684,3,0
2685,3,0
2686,3,0
2687,3,0
2688,3,0
2689,3,0
2690,3,0
2691,3,0
2692,3,0
2693,3,0
2694,3,0
2695,3,0
2696,3,0
2697,3,0
2698,3,0
2699,3,0
2700,3,0
2701,3,0
2702,3,0
2703,3,0
2704,3,0
2705,3,0
2706,3,0
2708,3,0
2709,3,0
2710,3,0
2711,3,0
2712,3,0
2713,3,0
2714,3,0
2715,3,0
2716,3,0
2717,3,0
2718,3,0
2719,3,0
2720,3,0
2721,3,0
2722,3,0
2723,3,0
2724,3,0
2725,3,0
2726,3,0
2727,3,0
2728,3,0
2729,3,0
2730,3,0
2731,3,0
2732,3,0
2733,3,0
2734,3,0
2735,3,0
2736,3,0
2737,3,0
2738,3,0
2739,3,0
2740,3,0
2741,3,0
2742,3,0
2743,3,0
2744,3,0
2745,3,0
2746,3,0
2747,3,0
2748,3,0
2749,3,0
2750,3,0
2751,3,0
2752,3,0
2753,3,0
2754,3,0
2755,3,0
2756,3,0
2757,3,0
2758,3,0
2759,3,0
2760,3,0
2761,3,0
2762,3,0
2763,3,0
2765,3,0
2766,3,0
2767,3,0
2768,3,0
2769,3,0
2770,3,0
2771,3,0
2772,3,0
2773,3,0
2774,3,0
2775,3,0
2776,3,0
2777,3,0
2778,3,0
2779,3,0
2780,3,0
2781,3,0
2782,3,0
2783,3,0
2784,3,0
2785,3,0
2786,3,0
2787,3,0
2788,3,0
2789,3,0
2790,3,0
2791,3,0
2792,3,0
2793,3,0
2794,3,0
2795,3,0
2796,3,0
2797,3,0
2798,3,0
2799,3,0
2800,3,0
2801,3,0
2802,3,0
2803,3,0
2804,3,0
2805,3,0
2806,3,0
2807,3,0
2808,3,0
2809,3,0
2810,3,0
2811,3,0
2812,3,0
2813,3,0
2814,3,0
2815,3,0
2816,3,0
2817,3,0
2818,3,0
2819,3,0
2820,3,0
2821,3,0
2822,3,0
2823,3,0
2824,3,0
2825,3,0
2826,3,0
2827,3,0
2828,3,0
2829,3,0
2830,3,0
2831,3,0
2832,3,0
2833,3,0
2834,3,0
2835,3,0
2836,3,0
2837,3,0
2838,3,0
2839,3,0
2840,3,0
2841,3,0
2842,3,0
2843,3,0
2844,3,0
2845,3,0
2846,3,0
2847,3,0
2848,3,0
2849,3,0
2850,3,0
2851,3,0
2852,3,0
2853,3,0
2854,3,0
2855,3,0
2856,3,0
2857,3,0
2858,3,0
2859,3,0
2860,3,0
2861,3,0
2862,3,0
2863,3,0
2864,3,0
2865,3,0
2866,3,0
2867,3,0
2869,3,0
2870,3,0
2871,3,0
2872,3,0
2873,3,0
2874,3,0
2875,3,0
2876,3,0
2877,3,0
2878,3,0
2879,3,0
2880,3,0
2881,3,0
2883,3,0
2884,3,0
2885,3,0
2886,3,0
2887,3,0
2888,3,0
2889,3,0
2890,3,0
2891,3,0
2892,3,0
2893,3,0
2894,3,0
2895,3,0
2896,3,0
2897,3,0
2898,3,0
2899,3,0
2900,3,0
2901,3,0
2902,3,0
2903,3,0
2904,3,0
2905,3,0
2906,3,0
2907,3,0
2908,3,0
2909,3,0
2910,3,0
2911,3,0
2912,3,0
2913,3,0
2914,3,0
2915,3,0
2916,3,0
2917,3,0
2918,3,0
2919,3,0
2920,3,0
2923,3,0
2924,3,0
2925,3,0
2927,3,0
2928,3,0
2929,3,0
2930,3,0
2931,3,0
2932,3,0
2933,3,0
2934,3,0
2935,3,0
2936,3,0
2937,3,0
2938,3,0
2939,3,0
2940,3,0
2941,3,0
2942,3,0
2943,3,0
2944,3,0
2945,3,0
2946,3,0
2947,3,0
2948,3,0
2949,3,0
2950,3,0
2951,3,0
2952,3,0
2953,3,0
2954,3,0
2955,3,0
2957,3,0
2958,3,0
2959,3,0
2960,3,0
2961,3,0
2962,3,0
2963,3,0
2964,3,0
2966,3,0
2967,3,0
2968,3,0
2969,3,0
2970,3,0
2971,3,0
2972,3,0
2973,3,0
2974,3,0
2975,3,0
2976,3,0
2977,3,0
2978,3,0
2979,3,0
2980,3,0
2981,3,0
2982,3,0
2983,3,0
2984,3,0
2985,3,0
2986,3,0
2987,3,0
2988,3,0
2989,3,0
2990,3,0
2991,3,0
2992,3,0
2993,3,0
2994,3,0
2995,3,0
2996,3,0
2997,3,0
2998,3,0
2999,3,0
3000,3,0
3001,3,0
3002,3,0
3003,3,0
3004,3,0
3005,3,0
3006,3,0
3007,3,0
3008,3,0
3009,3,0
3010,3,0
3011,3,0
3012,3,0
3013,3,0
3014,3,0
3015,3,0
3016,3,0
3017,3,0
3018,3,0
3019,3,0
3021,3,0
3022,3,0
3023,3,0
3024,3,0
3025,3,0
3026,3,0
3027,3,0
3028,3,0
3029,3,0
3030,3,0
3031,3,0
3032,3,0
3034,3,0
3035,3,0
3036,3,0
3038,3,0
3039,3,0
3040,3,0
3041,3,0
3042,3,0
3043,3,0
3044,3,0
3045,3,0
3046,3,0
3047,3,0
3048,3,0
3049,3,0
3050,3,0
3051,3,0
3052,3,0
3053,3,0
3054,3,0
3055,3,0
3056,3,0
3057,3,0
3058,3,0
3059,3,0
3060,3,0
3061,3,0
3063,3,0
3064,3,0
3065,3,0
3066,3,0
3067,3,0
3068,3,0
3070,3,0
3071,3,0
3072,3,0
3073,3,0
3074,3,0
3075,3,0
3076,3,0
3077,3,0
3078,3,0
3079,3,0
3080,3,0
3081,3,0
3082,3,0
3083,3,0
3084,3,0
3085,3,0
3086,3,0
3087,3,0
3088,3,0
3089,3,0
3090,3,0
3091,3,0
3092,3,0
3093,3,0
3094,3,0
3095,3,0
3096,3,0
3097,3,0
3098,3,0
3099,3,0
3100,3,0
3101,3,0
3102,3,0
3103,3,0
3104,3,0
3105,3,0
3106,3,0
3107,3,0
3108,3,0
3109,3,0
3110,3,0
3111,3,0
3112,3,0
3114,3,0
3115,3,0
3116,3,0
3117,3,0
3118,3,0
3119,3,0
3120,3,0
3121,3,0
3122,3,0
3123,3,0
3124,3,0
3125,3,0
3126,3,0
3127,3,0
3128,3,0
3129,3,0
3130,3,0
3131,3,0
3132,3,0
3133,3,0
3134,3,0
3135,3,0
3136,3,0
3137,3,0
3138,3,0
3139,3,0
3140,3,0
3141,3,0
3142,3,0
3143,3,0
3144,3,0
3145,3,0
3146,3,0
3147,3,0
3148,3,0
3149,3,0
3150,3,0
3151,3,0
3152,3,0
3153,3,0
3154,3,0
3155,3,0
3156,3,0
3157,3,0
3158,3,0
3159,3,0
3160,3,0
3161,3,0
3162,3,0
3163,3,0
3164,3,0
3165,3,0
3166,3,0
3167,3,0
3168,3,0
3169,3,0
3170,3,0
3171,3,0
3172,3,0
3173,3,0
3174,3,0
3175,3,0
3176,3,0
3177,3,0
3178,3,0
3179,3,0
3180,3,0
3181,3,0
3182,3,0
3183,3,0
3184,3,0
3185,3,0
3186,3,0
3187,3,0
3188,3,0
3189,3,0
3190,3,0
3191,3,0
3192,3,0
3193,3,0
3194,3,0
3195,3,0
3196,3,0
3197,3,0
3198,3,0
3199,3,0
3200,3,0
3201,3,0
3202,3,0
3203,3,0
3204,3,0
3205,3,0
3206,3,0
3207,3,0
3208,3,0
3209,3,0
3210,3,0
3212,3,0
3213,3,0
3214,3,0
3215,3,0
3216,3,0
3217,3,0
3218,3,0
3219,3,0
3220,3,0
3221,3,0
3222,3,0
3223,3,0
3224,3,0
3225,3,0
3226,3,0
3227,3,0
3228,3,0
3229,3,0
3230,3,0
3231,3,0
3232,3,0
3233,3,0
3234,3,0
3235,3,0
3236,3,0
3237,3,0
3238,3,0
3239,3,0
3240,3,0
3241,3,0
3242,3,0
3243,3,0
3244,3,0
3245,3,0
3246,3,0
3247,3,0
3248,3,0
3249,3,0
3250,3,0
3251,3,0
3252,3,0
3253,3,0
3254,3,0
3255,3,0
3256,3,0
3257,3,0
3258,3,0
3259,3,0
3260,3,0
3261,3,0
3262,3,0
3263,3,0
3264,3,0
3265,3,0
3266,3,0
3267,3,0
3268,3,0
3269,3,0
3270,3,0
3271,3,0
3272,3,0
3273,3,0
3274,3,0
3275,3,0
3276,3,0
3277,3,0
3278,3,0
3279,3,0
3280,3,0
3281,3,0
3282,3,0
3283,3,0
3284,3,0
3285,3,0
3286,3,0
3287,3,0
3288,3,0
3289,3,0
3290,3,0
3291,3,0
3293,3,0
3294,3,0
3295,3,0
3296,3,0
3297,3,0
3298,3,0
3299,3,0
3300,3,0
3301,3,0
3302,3,0
3303,3,0
3304,3,0
3305,3,0
3306,3,0
3307,3,0
3308,3,0
3309,3,0
3310,3,0
3311,3,0
3312,3,0
3313,3,0
3314,3,0
3315,3,0
3316,3,0
3317,3,0
3318,3,0
3319,3,0
3320,3,0
3321,3,0
3322,3,0
3323,3,0
3324,3,0
3325,3,0
3326,3,0
3327,3,0
3328,3,0
3329,3,0
3330,3,0
3331,3,0
3332,3,0
3333,3,0
3334,3,0
3335,3,0
3336,3,0
3337,3,0
3338,3,0
3339,3,0
3340,3,0
3341,3,0
3342,3,0
3343,3,0
3344,3,0
3345,3,0
3346,3,0
3347,3,0
3348,3,0
3349,3,0
3350,3,0
3351,3,0
3352,3,0
3353,3,0
3354,3,0
3355,3,0
3356,3,0
3357,3,0
3358,3,0
3359,3,0
3360,3,0
3361,3,0
3362,3,0
3363,3,0
3364,3,0
3365,3,0
3366,3,0
3367,3,0
3368,3,0
3369,3,0
3370,3,0
3371,3,0
3372,3,0
3373,3,0
3374,3,0
3375,3,0
3376,3,0
3377,3,0
3378,3,0
3379,3,0
3380,3,0
3381,3,0
3382,3,0
3383,3,0
3384,3,0
3385,3,0
3386,3,0
3387,3,0
3388,3,0
3389,3,0
3390,3,0
3391,3,0
3392,3,0
3393,3,0
3394,3,0
3395,3,0
3396,3,0
3397,3,0
3398,3,0
3399,3,0
3400,3,0
3401,3,0
3402,3,0
3403,3,0
3404,3,0
3405,3,0
3406,3,0
3407,3,0
3408,3,0
3409,3,0
3410,3,0
3411,3,0
3412,3,0
3413,3,0
3414,3,0
3415,3,0
3416,3,0
3417,3,0
3418,3,0
3419,3,0
3420,3,0
3421,3,0
3422,3,0
3423,3,0
3424,3,0
3425,3,0
3426,3,0
3427,3,0
3428,3,0
3429,3,0
3430,3,0
3431,3,0
3432,3,0
3433,3,0
3434,3,0
3435,3,0
3436,3,0
3437,3,0
3438,3,0
3439,3,0
3440,3,0
3441,3,0
3442,3,0
3443,3,0
3444,3,0
3445,3,0
3446,3,0
3447,3,0
3448,3,0
3449,3,0
3450,3,0
3451,3,0
3452,3,0
3453,3,0
3454,3,0
3455,3,0
3456,3,0
3457,3,0
3458,3,0
3459,3,0
3460,3,0
3461,3,0
3462,3,0
3463,3,0
3464,3,0
3465,3,0
3466,3,0
3467,3,0
3468,3,0
3469,3,0
3470,3,0
3471,3,0
3472,3,0
3473,3,0
3474,3,0
3475,3,0
3476,3,0
3477,3,0
3478,3,0
3479,3,0
3480,3,0
3481,3,0
3482,3,0
3483,3,0
3484,3,0
3485,3,0
3486,3,0
3487,3,0
3488,3,0
3489,3,0
3490,3,0
3491,3,0
3493,3,0
3494,3,0
3495,3,0
3496,3,0
3497,3,0
3498,3,0
3499,3,0
3500,3,0
3501,3,0
3502,3,0
3503,3,0
3504,3,0
3505,3,0
3506,3,0
3507,3,0
3508,3,0
3509,3,0
3510,3,0
3511,3,0
3512,3,0
3513,3,0
3514,3,0
3515,3,0
3516,3,0
3517,3,0
3518,3,0
3519,3,0
3520,3,0
3521,3,0
3522,3,0
3523,3,0
3524,3,0
3525,3,0
3526,3,0
3527,3,0
3528,3,0
3529,3,0
3530,3,0
3531,3,0
3532,3,0
3533,3,0
3534,3,0
3535,3,0
3536,3,0
3537,3,0
3538,3,0
3539,3,0
3540,3,0
3541,3,0
3542,3,0
3543,3,0
3544,3,0
3545,3,0
3546,3,0
3547,3,0
3548,3,0
3549,3,0
3550,3,0
3551,3,0
3552,3,0
3553,3,0
3554,3,0
3555,3,0
3556,3,0
3557,3,0
3558,3,0
3559,3,0
3560,3,0
3561,3,0
3562,3,0
3563,3,0
3564,3,0
3565,3,0
3566,3,0
3567,3,0
3568,3,0
3569,3,0
3570,3,0
3571,3,0
3572,3,0
3573,3,0
3574,3,0
3575,3,0
3576,3,0
3577,3,0
3578,3,0
3579,3,0
3580,3,0
3581,3,0
3582,3,0
3583,3,0
3585,3,0
3586,3,0
3587,3,0
3588,3,0
3589,3,0
3590,3,0
3591,3,0
3592,3,0
3593,3,0
3594,3,0
3595,3,0
3596,3,0
3597,3,0
3598,3,0
3599,3,0
3600,3,0
3601,3,0
3602,3,0
3603,3,0
3604,3,0
3605,3,0
3606,3,0
3607,3,0
3608,3,0
3609,3,0
3610,3,0
3611,3,0
3612,3,0
3613,3,0
3614,3,0
3615,3,0
3616,3,0
3617,3,0
3618,3,0
3619,3,0
3620,3,0
3621,3,0
3622,3,0
3623,3,0
3624,3,0
3625,3,0
3626,3,0
3627,3,0
3628,3,0
3629,3,0
3630,3,0
3631,3,0
3632,3,0
3633,3,0
3634,3,0
3635,3,0
3636,3,0
3637,3,0
3638,3,0
3639,3,0
3640,3,0
3641,3,0
3642,3,0
3643,3,0
3644,3,0
3645,3,0
3646,3,0
3647,3,0
3648,3,0
3649,3,0
3650,3,0
3651,3,0
3652,3,0
3653,3,0
3654,3,0
3655,3,0
3656,3,0
3657,3,0
3658,3,0
3659,3,0
3660,3,0
3661,3,0
3662,3,0
3663,3,0
3664,3,0
3665,3,0
3666,3,0
3667,3,0
3668,3,0
3670,3,0
3671,3,0
3672,3,0
3673,3,0
3674,3,0
3675,3,0
3676,3,0
3677,3,0
3678,3,0
3679,3,0
3680,3,0
3681,3,0
3682,3,0
3683,3,0
3684,3,0
3685,3,0
3686,3,0
3687,3,0
3688,3,0
3689,3,0
3690,3,0
3691,3,0
3692,3,0
3693,3,0
3694,3,0
3695,3,0
3696,3,0
3697,3,0
3698,3,0
3699,3,0
3701,3,0
3702,3,0
3703,3,0
3704,3,0
3705,3,0
3706,3,0
3707,3,0
3708,3,0
3709,3,0
3710,3,0
3711,3,0
3712,3,0
3713,3,0
3714,3,0
3715,3,0
3716,3,0
3717,3,0
3718,3,0
3719,3,0
3720,3,0
3721,3,0
3722,3,0
3723,3,0
3724,3,0
3725,3,0
3726,3,0
3727,3,0
3728,3,0
3729,3,0
3730,3,0
3731,3,0
3732,3,0
3733,3,0
3734,3,0
3735,3,0
3736,3,0
3737,3,0
3738,3,0
3739,3,0
3740,3,0
3741,3,0
3742,3,0
3743,3,0
3744,3,0
3745,3,0
3746,3,0
3747,3,0
3748,3,0
3749,3,0
3750,3,0
3751,3,0
3752,3,0
3753,3,0
3754,3,0
3755,3,0
3756,3,0
3757,3,0
3758,3,0
3759,3,0
3760,3,0
3761,3,0
3762,3,0
3763,3,0
3764,3,0
3765,3,0
3766,3,0
3767,3,0
3768,3,0
3769,3,0
3770,3,0
3771,3,0
3772,3,0
3773,3,0
3774,3,0
3775,3,0
3776,3,0
3777,3,0
3778,3,0
3779,3,0
3780,3,0
3781,3,0
3782,3,0
3783,3,0
3784,3,0
3785,3,0
3786,3,0
3787,3,0
3788,3,0
3789,3,0
3790,3,0
3791,3,0
3792,3,0
3793,3,0
3794,3,0
3795,3,0
3796,3,0
3797,3,0
3798,3,0
3799,3,0
3800,3,0
3801,3,0
3802,3,0
3803,3,0
3804,3,0
3805,3,0
3806,3,0
3807,3,0
3808,3,0
3809,3,0
3810,3,0
3811,3,0
3812,3,0
3813,3,0
3814,3,0
3815,3,0
3816,3,0
3817,3,0
3818,3,0
3819,3,0
3820,3,0
3821,3,0
3822,3,0
3823,3,0
3824,3,0
3825,3,0
3826,3,0
3827,3,0
3828,3,0
3829,3,0
3830,3,0
3831,3,0
3832,3,0
3833,3,0
3834,3,0
3835,3,0
3836,3,0
3837,3,0
3838,3,0
3839,3,0
3840,3,0
3841,3,0
3842,3,0
3843,3,0
3844,3,0
3845,3,0
3846,3,0
3847,3,0
3848,3,0
3849,3,0
3850,3,0
3851,3,0
3852,3,0
3853,3,0
3854,3,0
3855,3,0
3856,3,0
3857,3,0
3858,3,0
3859,3,0
3860,3,0
3861,3,0
3862,3,0
3863,3,0
3864,3,0
3865,3,0
3866,3,0
3867,3,0
3868,3,0
3869,3,0
3870,3,0
3871,3,0
3872,3,0
3873,3,0
3874,3,0
3875,3,0
3876,3,0
3877,3,0
3878,3,0
3879,3,0
3880,3,0
3881,3,0
3882,3,0
3883,3,0
3884,3,0
3885,3,0
3886,3,0
3887,3,0
3888,3,0
3889,3,0
3890,3,0
3891,3,0
3892,3,0
3893,3,0
3894,3,0
3895,3,0
3896,3,0
3897,3,0
3898,3,0
3899,3,0
3900,3,0
3901,3,0
3902,3,0
3903,3,0
3904,3,0
3905,3,0
3906,3,0
3907,3,0
3908,3,0
3909,3,0
3910,3,0
3911,3,0
3912,3,0
3913,3,0
3914,3,0
3915,3,0
3916,3,0
3917,3,0
3918,3,0
3919,3,0
3920,3,0
3921,3,0
3922,3,0
3923,3,0
3924,3,0
3925,3,0
3926,3,0
3927,3,0
3928,3,0
3929,3,0
3930,3,0
3931,3,0
3932,3,0
3933,3,0
3934,3,0
3935,3,0
3936,3,0
3937,3,0
3938,3,0
3939,3,0
3940,3,0
3941,3,0
3942,3,0
3943,3,0
3944,3,0
3945,3,0
3946,3,0
3947,3,0
3948,3,0
3949,3,0
3950,3,0
3951,3,0
3952,3,0
3953,3,0
3954,3,0
3955,3,0
3956,3,0
3957,3,0
3958,3,0
3959,3,0
3960,3,0
3961,3,0
3962,3,0
3963,3,0
3964,3,0
3965,3,0
3966,3,0
3967,3,0
3968,3,0
3969,3,0
3970,3,0
3971,3,0
3972,3,0
3973,3,0
3974,3,0
3975,3,0
3976,3,0
3977,3,0
3978,3,0
3979,3,0
3980,3,0
3981,3,0
3982,3,0
3983,3,0
3984,3,0
3985,3,0
3986,3,0
3987,3,0
3988,3,0
3989,3,0
3990,3,0
3991,3,0
3992,3,0
3993,3,0
3994,3,0
3995,3,0
3996,3,0
3997,3,0
3998,3,0
3999,3,0
4000,3,0
4001,3,0
4002,3,0
4003,3,0
4004,3,0
4005,3,0
4006,3,0
4007,3,0
4008,3,0
4009,3,0
4010,3,0
4011,3,0
4012,3,0
4013,3,0
4014,3,0
4016,3,0
4017,3,0
4018,3,0
4019,3,0
4020,3,0
4021,3,0
4022,3,0
4023,3,0
4024,3,0
4025,3,0
4026,3,0
4027,3,0
4028,3,0
4029,3,0
4030,3,0
4031,3,0
4032,3,0
4033,3,0
4034,3,0
4035,3,0
4036,3,0
4037,3,0
4038,3,0
4039,3,0
4040,3,0
4041,3,0
4042,3,0
4043,3,0
4044,3,0
4045,3,0
4046,3,0
4047,3,0
4048,3,0
4049,3,0
4050,3,0
4051,3,0
4052,3,0
4053,3,0
4054,3,0
4055,3,0
4056,3,0
4057,3,0
4058,3,0
4059,3,0
4060,3,0
4061,3,0
4062,3,0
4063,3,0
4064,3,0
4065,3,0
4066,3,0
4067,3,0
4068,3,0
4069,3,0
4070,3,0
4071,3,0
4072,3,0
4073,3,0
4074,3,0
4075,3,0
4076,3,0
4077,3,0
4078,3,0
4079,3,0
4080,3,0
4081,3,0
4082,3,0
4083,3,0
4084,3,0
4085,3,0
4086,3,0
4088,3,0
4089,3,0
4090,3,0
4091,3,0
4092,3,0
4093,3,0
4094,3,0
4095,3,0
4096,3,0
4097,3,0
4098,3,0
4099,3,0
4100,3,0
4101,3,0
4102,3,0
4103,3,0
4104,3,0
4105,3,0
4106,3,0
4107,3,0
4108,3,0
4109,3,0
4110,3,0
4111,3,0
4112,3,0
4113,3,0
4114,3,0
4115,3,0
4116,3,0
4117,3,0
4118,3,0
4119,3,0
4120,3,0
4121,3,0
4122,3,0
4123,3,0
4124,3,0
4125,3,0
4126,3,0
4127,3,0
4128,3,0
4129,3,0
4130,3,0
4131,3,0
4132,3,0
4133,3,0
4134,3,0
4135,3,0
4136,3,0
4137,3,0
4138,3,0
4139,3,0
4140,3,0
4141,3,0
4142,3,0
4143,3,0
4144,3,0
4145,3,0
4146,3,0
4147,3,0
4148,3,0
4150,3,0
4151,3,0
4152,3,0
4153,3,0
4154,3,0
4155,3,0
4156,3,0
4157,3,0
4158,3,0
4159,3,0
4160,3,0
4161,3,0
4162,3,0
4163,3,0
4164,3,0
4165,3,0
4166,3,0
4167,3,0
4168,3,0
4169,3,0
4170,3,0
4171,3,0
4172,3,0
4173,3,0
4174,3,0
4175,3,0
4176,3,0
4177,3,0
4178,3,0
4179,3,0
4180,3,0
4181,3,0
4182,3,0
4183,3,0
4184,3,0
4185,3,0
4186,3,0
4187,3,0
4188,3,0
4189,3,0
4190,3,0
4191,3,0
4192,3,0
4193,3,0
4194,3,0
4195,3,0
4196,3,0
4197,3,0
4198,3,0
4199,3,0
4200,3,0
4201,3,0
4202,3,0
4203,3,0
4204,3,0
4205,3,0
4206,3,0
4207,3,0
4208,3,0
4209,3,0
4210,3,0
4211,3,0
4212,3,0
4213,3,0
4214,3,0
4215,3,0
4216,3,0
4217,3,0
4218,3,0
4219,3,0
4220,3,0
4221,3,0
4222,3,0
4223,3,0
4224,3,0
4225,3,0
4226,3,0
4227,3,0
4228,3,0
4229,3,0
4230,3,0
4231,3,0
4232,3,0
4233,3,0
4234,3,0
4235,3,0
4236,3,0
4237,3,0
4238,3,0
4239,3,0
4240,3,0
4241,3,0
4242,3,0
4243,3,0
4244,3,0
4245,3,0
4246,3,0
4247,3,0
4248,3,0
4249,3,0
4250,3,0
4251,3,0
4252,3,0
4253,3,0
4254,3,0
4255,3,0
4256,3,0
4257,3,0
4258,3,0
4259,3,0
4260,3,0
4261,3,0
4262,3,0
4263,3,0
4264,3,0
4265,3,0
4266,3,0
4267,3,0
4268,3,0
4269,3,0
4270,3,0
4271,3,0
4272,3,0
4273,3,0
4274,3,0
4275,3,0
4276,3,0
4277,3,0
4278,3,0
4279,3,0
4280,3,0
4281,3,0
4282,3,0
4283,3,0
4284,3,0
4285,3,0
4286,3,0
4287,3,0
4288,3,0
4289,3,0
4290,3,0
4291,3,0
4292,3,0
4293,3,0
4294,3,0
4295,3,0
4296,3,0
4297,3,0
4298,3,0
4299,3,0
4300,3,0
4301,3,0
4302,3,0
4303,3,0
4304,3,0
4305,3,0
4306,3,0
4307,3,0
4308,3,0
4309,3,0
4310,3,0
4311,3,0
4312,3,0
4313,3,0
4314,3,0
4315,3,0
4316,3,0
4317,3,0
4318,3,0
4319,3,0
4320,3,0
4321,3,0
4322,3,0
4323,3,0
4324,3,0
4325,3,0
4326,3,0
4327,3,0
4328,3,0
4329,3,0
4330,3,0
4331,3,0
4332,3,0
4333,3,0
4334,3,0
4335,3,0
4336,3,0
4337,3,0
4338,3,0
4340,3,0
4341,3,0
4342,3,0
4343,3,0
4344,3,0
4345,3,0
4346,3,0
4347,3,0
4348,3,0
4349,3,0
4350,3,0
4351,3,0
4352,3,0
4353,3,0
4354,3,0
4355,3,0
4356,3,0
4357,3,0
4358,3,0
4359,3,0
4360,3,0
4361,3,0
4362,3,0
4363,3,0
4364,3,0
4365,3,0
4366,3,0
4368,3,0
4369,3,0
4370,3,0
4371,3,0
4372,3,0
4373,3,0
4374,3,0
4375,3,0
4376,3,0
4377,3,0
4378,3,0
4379,3,0
4380,3,0
4381,3,0
4382,3,0
4383,3,0
4384,3,0
4385,3,0
4386,3,0
4387,3,0
4388,3,0
4389,3,0
4390,3,0
4391,3,0
4392,3,0
4393,3,0
4394,3,0
4395,3,0
4396,3,0
4397,3,0
4398,3,0
4399,3,0
4400,3,0
4401,3,0
4402,3,0
4403,3,0
4404,3,0
4405,3,0
4406,3,0
4407,3,0
4408,3,0
4409,3,0
4410,3,0
4411,3,0
4412,3,0
4413,3,0
4414,3,0
4415,3,0
4416,3,0
4417,3,0
4418,3,0
4419,3,0
4420,3,0
4421,3,0
4422,3,0
4423,3,0
4424,3,0
4425,3,0
4426,3,0
4427,3,0
4428,3,0
4429,3,0
4430,3,0
4432,3,0
4433,3,0
4434,3,0
4435,3,0
4436,3,0
4437,3,0
4438,3,0
4439,3,0
4440,3,0
4441,3,0
4442,3,0
4443,3,0
4444,3,0
4445,3,0
4446,3,0
4447,3,0
4448,3,0
4449,3,0
4450,3,0
4451,3,0
4452,3,0
4453,3,0
4454,3,0
4455,3,0
4456,3,0
4457,3,0
4458,3,0
4459,3,0
4460,3,0
4461,3,0
4462,3,0
4463,3,0
4464,3,0
4465,3,0
4466,3,0
4467,3,0
4468,3,0
4469,3,0
4470,3,0
4471,3,0
4472,3,0
4473,3,0
4474,3,0
4475,3,0
4476,3,0
4477,3,0
4478,3,0
4479,3,0
4480,3,0
4481,3,0
4482,3,0
4483,3,0
4484,3,0
4485,3,0
4486,3,0
4487,3,0
4488,3,0
4489,3,0
4490,3,0
4491,3,0
4492,3,0
4493,3,0
4494,3,0
4495,3,0
4496,3,0
4497,3,0
4498,3,0
4499,3,0
4500,3,0
4501,3,0
4502,3,0
4503,3,0
4504,3,0
4505,3,0
4506,3,0
4507,3,0
4508,3,0
4509,3,0
4510,3,0
4511,3,0
4512,3,0
4513,3,0
4514,3,0
4515,3,0
4516,3,0
4517,3,0
4518,3,0
4519,3,0
4520,3,0
4521,3,0
4522,3,0
4523,3,0
4524,3,0
4525,3,0
4526,3,0
4527,3,0
4528,3,0
4529,3,0
4530,3,0
4531,3,0
4532,3,0
4533,3,0
4534,3,0
4535,3,0
4536,3,0
4537,3,0
4538,3,0
4539,3,0
4540,3,0
4541,3,0
4543,3,0
4544,3,0
4545,3,0
4546,3,0
4547,3,0
4548,3,0
4549,3,0
4550,3,0
4551,3,0
4552,3,0
4553,3,0
4554,3,0
4555,3,0
4556,3,0
4557,3,0
4558,3,0
4559,3,0
4560,3,0
4561,3,0
4562,3,0
4563,3,0
4565,3,0
4566,3,0
4567,3,0
4568,3,0
4569,3,0
4570,3,0
4571,3,0
4572,3,0
4573,3,0
4574,3,0
4575,3,0
4576,3,0
4577,3,0
4578,3,0
4579,3,0
4580,3,0
4581,3,0
4582,3,0
4583,3,0
4584,3,0
4585,3,0
4586,3,0
4587,3,0
4588,3,0
4589,3,0
4590,3,0
4591,3,0
4592,3,0
4593,3,0
4594,3,0
4595,3,0
4596,3,0
4597,3,0
4598,3,0
4599,3,0
4600,3,0
4601,3,0
4602,3,0
4603,3,0
4604,3,0
4605,3,0
4606,3,0
4607,3,0
4608,3,0
4609,3,0
4610,3,0
4611,3,0
4612,3,0
4613,3,0
4614,3,0
4615,3,0
4616,3,0
4617,3,0
4618,3,0
4619,3,0
4620,3,0
4621,3,0
4622,3,0
4623,3,0
4624,3,0
4625,3,0
4626,3,0
4627,3,0
4628,3,0
4629,3,0
4630,3,0
4631,3,0
4632,3,0
4633,3,0
4634,3,0
4635,3,0
4636,3,0
4637,3,0
4638,3,0
4639,3,0
4640,3,0
4641,3,0
4642,3,0
4643,3,0
4644,3,0
4645,3,0
4646,3,0
4647,3,0
4648,3,0
4649,3,0
4650,3,0
4651,3,0
4652,3,0
4653,3,0
4654,3,0
4655,3,0
4656,3,0
4657,3,0
4658,3,0
4659,3,0
4660,3,0
4661,3,0
4662,3,0
4663,3,0
4664,3,0
4665,3,0
4666,3,0
4667,3,0
4668,3,0
4669,3,0
4670,3,0
4671,3,0
4672,3,0
4673,3,0
4674,3,0
4675,3,0
4676,3,0
4677,3,0
4678,3,0
4679,3,0
4680,3,0
4681,3,0
4682,3,0
4683,3,0
4684,3,0
4685,3,0
4686,3,0
4687,3,0
4688,3,0
4689,3,0
4690,3,0
4691,3,0
4692,3,0
4693,3,0
4694,3,0
4695,3,0
4696,3,0
4697,3,0
4698,3,0
4699,3,0
4700,3,0
4701,3,0
4702,3,0
4703,3,0
4704,3,0
4705,3,0
4706,3,0
4707,3,0
4708,3,0
4709,3,0
4710,3,0
4711,3,0
4712,3,0
4713,3,0
4714,3,0
4715,3,0
4716,3,0
4717,3,0
4718,3,0
4719,3,0
4720,3,0
4721,3,0
4722,3,0
4723,3,0
4724,3,0
4725,3,0
4726,3,0
4727,3,0
4728,3,0
4729,3,0
4730,3,0
4731,3,0
4732,3,0
4733,3,0
4734,3,0
4735,3,0
4736,3,0
4737,3,0
4738,3,0
4739,3,0
4740,3,0
4741,3,0
4742,3,0
4743,3,0
4744,3,0
4745,3,0
4746,3,0
4747,3,0
4748,3,0
4749,3,0
4750,3,0
4751,3,0
4752,3,0
4753,3,0
4754,3,0
4755,3,0
4756,3,0
4757,3,0
4758,3,0
4759,3,0
4760,3,0
4761,3,0
4762,3,0
4763,3,0
4764,3,0
4765,3,0
4766,3,0
4767,3,0
4768,3,0
4769,3,0
4770,3,0
4771,3,0
4772,3,0
4773,3,0
4774,3,0
4775,3,0
4776,3,0
4778,3,0
4779,3,0
4780,3,0
4781,3,0
4782,3,0
4783,3,0
4784,3,0
4785,3,0
4786,3,0
4787,3,0
4788,3,0
4789,3,0
4790,3,0
4791,3,0
4792,3,0
4793,3,0
4794,3,0
4795,3,0
4796,3,0
4797,3,0
4798,3,0
4799,3,0
4800,3,0
4801,3,0
4802,3,0
4803,3,0
4804,3,0
4805,3,0
4806,3,0
4807,3,0
4808,3,0
4809,3,0
4810,3,0
4811,3,0
4812,3,0
4813,3,0
4814,3,0
4815,3,0
4816,3,0
4817,3,0
4818,3,0
4819,3,0
4820,3,0
4821,3,0
4822,3,0
4823,3,0
4824,3,0
4825,3,0
4826,3,0
4827,3,0
4828,3,0
4829,3,0
4830,3,0
4831,3,0
4832,3,0
4833,3,0
4834,3,0
4835,3,0
4836,3,0
4837,3,0
4838,3,0
4839,3,0
4840,3,0
4841,3,0
4842,3,0
4843,3,0
4844,3,0
4845,3,0
4846,3,0
4847,3,0
4849,3,0
4850,3,0
4851,3,0
4852,3,0
4853,3,0
4854,3,0
4855,3,0
4856,3,0
4857,3,0
4858,3,0
4859,3,0
4860,3,0
4861,3,0
4862,3,0
4863,3,0
4864,3,0
4865,3,0
4866,3,0
4867,3,0
4869,3,0
4870,3,0
4871,3,0
4872,3,0
4873,3,0
4874,3,0
4875,3,0
4876,3,0
4877,3,0
4878,3,0
4879,3,0
4880,3,0
4881,3,0
4882,3,0
4883,3,0
4884,3,0
4885,3,0
4886,3,0
4887,3,0
4888,3,0
4889,3,0
4890,3,0
4891,3,0
4892,3,0
4893,3,0
4894,3,0
4895,3,0
4896,3,0
4897,3,0
4898,3,0
4899,3,0
4900,3,0
4901,3,0
4902,3,0
4903,3,0
4904,3,0
4905,3,0
4906,3,0
4907,3,0
4908,3,0
4909,3,0
4910,3,0
4911,3,0
4912,3,0
4913,3,0
4914,3,0
4915,3,0
4916,3,0
4917,3,0
4918,3,0
4919,3,0
4920,3,0
4921,3,0
4922,3,0
4923,3,0
4924,3,0
4925,3,0
4926,3,0
4927,3,0
4928,3,0
4929,3,0
4930,3,0
4931,3,0
4932,3,0
4933,3,0
4934,3,0
4935,3,0
4936,3,0
4937,3,0
4938,3,0
4939,3,0
4940,3,0
4941,3,0
4942,3,0
4943,3,0
4944,3,0
4945,3,0
4946,3,0
4947,3,0
4948,3,0
4949,3,0
4950,3,0
4951,3,0
4952,3,0
4953,3,0
4954,3,0
4955,3,0
4956,3,0
4957,3,0
4958,3,0
4959,3,0
4960,3,0
4961,3,0
4962,3,0
4963,3,0
4964,3,0
4965,3,0
4966,3,0
4967,3,0
4968,3,0
4969,3,0
4970,3,0
4971,3,0
4972,3,0
4973,3,0
4974,3,0
4975,3,0
4976,3,0
4977,3,0
4978,3,0
4979,3,0
4980,3,0
4981,3,0
4982,3,0
4983,3,0
4984,3,0
4985,3,0
4986,3,0
4987,3,0
4988,3,0
4989,3,0
4990,3,0
4991,3,0
4992,3,0
4993,3,0
4994,3,0
4996,3,0
4997,3,0
4998,3,0
4999,3,0
5000,3,0
5001,3,0
5002,3,0
5004,3,0
5005,3,0
5006,3,0
5007,3,0
5008,3,0
5009,3,0
5010,3,0
5011,3,0
5012,3,0
5013,3,0
5014,3,0
5015,3,0
5016,3,0
5017,3,0
5018,3,0
5019,3,0
5020,3,0
5021,3,0
5022,3,0
5023,3,0
5024,3,0
5025,3,0
5026,3,0
5027,3,0
5028,3,0
5029,3,0
5030,3,0
5031,3,0
5032,3,0
5033,3,0
5034,3,0
5035,3,0
5036,3,0
5037,3,0
5038,3,0
5039,3,0
5040,3,0
5041,3,0
5042,3,0
5043,3,0
5044,3,0
5045,3,0
5046,3,0
5047,3,0
5048,3,0
5049,3,0
5050,3,0
5051,3,0
5052,3,0
5053,3,0
5054,3,0
5055,3,0
5056,3,0
5057,3,0
5058,3,0
5059,3,0
5060,3,0
5062,3,0
5063,3,0
5064,3,0
5065,3,0
5066,3,0
5067,3,0
5068,3,0
5069,3,0
5070,3,0
5071,3,0
5072,3,0
5073,3,0
5074,3,0
5075,3,0
5076,3,0
5077,3,0
5078,3,0
5079,3,0
5080,3,0
5081,3,0
5082,3,0
5083,3,0
5084,3,0
5085,3,0
5086,3,0
5087,3,0
5088,3,0
5089,3,0
5090,3,0
5091,3,0
5092,3,0
5093,3,0
5094,3,0
5095,3,0
5096,3,0
5097,3,0
5098,3,0
5099,3,0
5100,3,0
5101,3,0
5102,3,0
5103,3,0
5104,3,0
5105,3,0
5106,3,0
5107,3,0
5108,3,0
5109,3,0
5110,3,0
5111,3,0
5112,3,0
5113,3,0
5114,3,0
5115,3,0
5116,3,0
5117,3,0
5118,3,0
5119,3,0
5120,3,0
5121,3,0
5122,3,0
5123,3,0
5124,3,0
5125,3,0
5126,3,0
5127,3,0
5128,3,0
5129,3,0
5130,3,0
5132,3,0
5134,3,0
5135,3,0
5136,3,0
5137,3,0
5138,3,0
5139,3,0
5141,3,0
5142,3,0
5144,3,0
5147,3,0
5149,3,0
5152,3,0
5153,3,0
5154,3,0
5155,3,0
5156,3,0
5157,3,0
5159,3,0
5160,3,0
5161,3,0
5162,3,0
5163,3,0
5164,3,0
5165,3,0
5166,3,0
5167,3,0
5168,3,0
5169,3,0
5170,3,0
5173,3,0
5175,3,0
5177,3,0
5179,3,0
5181,3,0
5182,3,0
5185,3,0
5186,3,0
5187,3,0
5188,3,0
5189,3,0
5191,3,0
5192,3,0
5193,3,0
5194,3,0
5195,3,0
5196,3,0
5197,3,0
5198,3,0
5199,3,0
5201,3,0
5202,3,0
5203,3,0
5204,3,0
5206,3,0
5207,3,0
5208,3,0
5209,3,0
5210,3,0
5211,3,0
5212,3,0
5214,3,0
5215,3,0
5216,3,0
5217,3,0
5218,3,0
5220,3,0
5221,3,0
5222,3,0
5223,3,0
5224,3,0
5225,3,0
5226,3,0
5227,3,0
5228,3,0
5229,3,0
5230,3,0
5231,3,0
5232,3,0
5233,3,0
5235,3,0
5237,3,0
5238,3,0
5239,3,0
5242,3,0
5243,3,0
5244,3,0
5247,3,0
5248,3,0
5250,3,0
5251,3,0
5252,3,0
5253,3,0
5254,3,0
5255,3,0
5256,3,0
5258,3,0
5259,3,0
5260,3,0
5261,3,0
5262,3,0
5263,3,0
5265,3,0
5266,3,0
5267,3,0
5268,3,0
5269,3,0
5271,3,0
5273,3,0
5274,3,0
5276,3,0
5277,3,0
5278,3,0
5279,3,0
5280,3,0
5281,3,0
5283,3,0
5284,3,0
5285,3,0
5287,3,0
5288,3,0
5290,3,0
5291,3,0
5292,3,0
5293,3,0
5294,3,0
5295,3,0
5296,3,0
5297,3,0
5298,3,0
5299,3,0
5301,3,0
5302,3,0
5303,3,0
5304,3,0
5306,3,0
5307,3,0
5308,3,0
5311,3,0
5312,3,0
5313,3,0
5316,3,0
5317,3,0
5318,3,0
5319,3,0
5321,3,0
5322,3,0
5323,3,0
5324,3,0
5325,3,0
5326,3,0
5327,3,0
5328,3,0
5329,3,0
5330,3,0
5331,3,0
5333,3,0
5334,3,0
5335,3,0
5336,3,0
5337,3,0
5338,3,0
5339,3,0
5340,3,0
5341,3,0
5342,3,0
5343,3,0
5344,3,0
5345,3,0
5347,3,0
5348,3,0
5349,3,0
5350,3,0
5351,3,0
5352,3,0
5353,3,0
5354,3,0
5355,3,0
5356,3,0
5357,3,0
5358,3,0
5359,3,0
5360,3,0
5361,3,0
5362,3,0
5363,3,0
5364,3,0
5365,3,0
5366,3,0
5367,3,0
5368,3,0
5369,3,0
5370,3,0
5371,3,0
5372,3,0
5373,3,0
5374,3,0
5375,3,0
5379,3,0
5380,3,0
5381,3,0
5382,3,0
5383,3,0
5384,3,0
5385,3,0
5386,3,0
5388,3,0
5389,3,0
5390,3,0
5391,3,0
5392,3,0
5393,3,0
5394,3,0
5396,3,0
5397,3,0
5398,3,0
5399,3,0
5400,3,0
5401,3,0
5402,3,0
5403,3,0
5404,3,0
5405,3,0
5406,3,0
5407,3,0
5408,3,0
5410,3,0
5411,3,0
5412,3,0
5413,3,0
5414,3,0
5415,3,0
5416,3,0
5417,3,0
5418,3,0
5419,3,0
5420,3,0
5421,3,0
5422,3,0
5423,3,0
5424,3,0
5425,3,0
5426,3,0
5427,3,0
5428,3,0
5429,3,0
5431,3,0
5432,3,0
5433,3,0
5434,3,0
5435,3,0
5436,3,0
5437,3,0
5438,3,0
5439,3,0
5440,3,0
5441,3,0
5442,3,0
5443,3,0
5444,3,0
5445,3,0
5446,3,0
5447,3,0
5449,3,0
5450,3,0
5451,3,0
5452,3,0
5453,3,0
5454,3,0
5455,3,0
5456,3,0
5457,3,0
5458,3,0
5459,3,0
5460,3,0
5461,3,0
5462,3,0
5463,3,0
5464,3,0
5465,3,0
5466,3,0
5467,3,0
5468,3,0
5469,3,0
5472,3,0
5473,3,0
5474,3,0
5475,3,0
5476,3,0
5477,3,0
5478,3,0
5479,3,0
5480,3,0
5481,3,0
5482,3,0
5483,3,0
5484,3,0
5485,3,0
5486,3,0
5487,3,0
5488,3,0
5489,3,0
5490,3,0
5491,3,0
5492,3,0
5493,3,0
5494,3,0
5495,3,0
5496,3,0
5497,3,0
5498,3,0
5499,3,0
5500,3,0
5501,3,0
5502,3,0
5503,3,0
5504,3,0
5505,3,0
5506,3,0
5507,3,0
5508,3,0
5509,3,0
5510,3,0
5511,3,0
5512,3,0
5513,3,0
5515,3,0
5516,3,0
5517,3,0
5518,3,0
5520,3,0
5521,3,0
5523,3,0
5524,3,0
5525,3,0
5526,3,0
5527,3,0
5529,3,0
5530,3,0
5531,3,0
5533,3,0
5534,3,0
5537,3,0
5538,3,0
5539,3,0
5541,3,0
5542,3,0
5543,3,0
5545,3,0
5547,3,0
5548,3,0
5549,3,0
5550,3,0
5551,3,0
5552,3,0
5554,3,0
5555,3,0
5556,3,0
5557,3,0
5558,3,0
5559,3,0
5560,3,0
5561,3,0
5562,3,0
5563,3,0
5564,3,0
5565,3,0
5566,3,0
5567,3,0
5568,3,0
5569,3,0
5570,3,0
5571,3,0
5572,3,0
5573,3,0
5574,3,0
5575,3,0
5577,3,0
5578,3,0
5579,3,0
5580,3,0
5581,3,0
5582,3,0
5583,3,0
5584,3,0
5585,3,0
5587,3,0
5588,3,0
5589,3,0
5590,3,0
5591,3,0
5592,3,0
5594,3,0
5595,3,0
5596,3,0
5597,3,0
5600,3,0
5601,3,0
5602,3,0
5604,3,0
5605,3,0
5606,3,0
5609,3,0
5610,3,0
5611,3,0
5612,3,0
5614,3,0
5615,3,0
5617,3,0
5618,3,0
5619,3,0
5620,3,0
5621,3,0
5622,3,0
5623,3,0
5624,3,0
5625,3,0
5626,3,0
5627,3,0
5628,3,0
5629,3,0
5630,3,0
5631,3,0
5632,3,0
5633,3,0
5636,3,0
5638,3,0
5639,3,0
5640,3,0
5641,3,0
5642,3,0
5644,3,0
5645,3,0
5646,3,0
5647,3,0
5648,3,0
5649,3,0
5650,3,0
5651,3,0
5653,3,0
5654,3,0
5655,3,0
5656,3,0
5657,3,0
5658,3,0
5659,3,0
5660,3,0
5661,3,0
5662,3,0
5663,3,0
5664,3,0
5666,3,0
5668,3,0
5669,3,0
5670,3,0
5671,3,0
5672,3,0
5673,3,0
5674,3,0
5676,3,0
5677,3,0
5678,3,0
5679,3,0
5680,3,0
5681,3,0
5682,3,0
5683,3,0
5684,3,0
5685,3,0
5686,3,0
5687,3,0
5688,3,0
5689,3,0
5690,3,0
5692,3,0
5693,3,0
5694,3,0
5695,3,0
5696,3,0
5697,3,0
5698,3,0
5699,3,0
5700,3,0
5701,3,0
5702,3,0
5703,3,0
5704,3,0
5705,3,0
5706,3,0
5707,3,0
5708,3,0
5709,3,0
5710,3,0
5713,3,0
5714,3,0
5715,3,0
5717,3,0
5718,3,0
5719,3,0
5720,3,0
5721,3,0
5722,3,0
5723,3,0
5724,3,0
5725,3,0
5726,3,0
5727,3,0
5728,3,0
5730,3,0
5731,3,0
5732,3,0
5733,3,0
5734,3,0
5735,3,0
5736,3,0
5737,3,0
5738,3,0
5739,3,0
5740,3,0
5741,3,0
5742,3,0
5743,3,0
5744,3,0
5745,3,0
5747,3,0
5748,3,0
5749,3,0
5750,3,0
5751,3,0
5752,3,0
5753,3,0
5754,3,0
5755,3,0
5756,3,0
5757,3,0
5760,3,0
5762,3,0
5764,3,0
5766,3,0
5767,3,0
5768,3,0
5770,3,0
5771,3,0
5772,3,0
5773,3,0
5774,3,0
5775,3,0
5777,3,0
5778,3,0
5780,3,0
5781,3,0
5782,3,0
5783,3,0
5784,3,0
5786,3,0
5788,3,0
5789,3,0
5790,3,0
5791,3,0
5794,3,0
5797,3,0
5798,3,0
5799,3,0
5801,3,0
5802,3,0
5803,3,0
5804,3,0
5805,3,0
5806,3,0
5807,3,0
5808,3,0
5809,3,0
5810,3,0
5811,3,0
5812,3,0
5813,3,0
5814,3,0
5815,3,0
5816,3,0
5817,3,0
5818,3,0
5819,3,0
5820,3,0
5821,3,0
5822,3,0
5823,3,0
5824,3,0
5825,3,0
5826,3,0
5827,3,0
5828,3,0
5829,3,0
5830,3,0
5832,3,0
5833,3,0
5834,3,0
5835,3,0
5836,3,0
5837,3,0
5838,3,0
5839,3,0
5840,3,0
5841,3,0
5842,3,0
5843,3,0
5844,3,0
5845,3,0
5846,3,0
5847,3,0
5848,3,0
5849,3,0
5850,3,0
5851,3,0
5852,3,0
5853,3,0
5854,3,0
5855,3,0
5856,3,0
5857,3,0
5858,3,0
5859,3,0
5860,3,0
5861,3,0
5862,3,0
5863,3,0
5864,3,0
5865,3,0
5866,3,0
5868,3,0
5869,3,0
5870,3,0
5871,3,0
5872,3,0
5873,3,0
5874,3,0
5875,3,0
5876,3,0
5877,3,0
5878,3,0
5879,3,0
5880,3,0
5881,3,0
5882,3,0
5883,3,0
5884,3,0
5885,3,0
5886,3,0
5887,3,0
5888,3,0
5889,3,0
5890,3,0
5891,3,0
5892,3,0
5893,3,0
5894,3,0
5895,3,0
5896,3,0
5897,3,0
5898,3,0
5899,3,0
5900,3,0
5901,3,0
5902,3,0
5903,3,0
5904,3,0
5905,3,0
5906,3,0
5907,3,0
5908,3,0
5909,3,0
5910,3,0
5911,3,0
5912,3,0
5913,3,0
5914,3,0
5915,3,0
5916,3,0
5917,3,0
5918,3,0
5919,3,0
5920,3,0
5922,3,0
5923,3,0
5924,3,0
5925,3,0
5926,3,0
5927,3,0
5928,3,0
5929,3,0
5930,3,0
5931,3,0
5932,3,0
5933,3,0
5934,3,0
5935,3,0
5936,3,0
5937,3,0
5938,3,0
5939,3,0
5940,3,0
5941,3,0
5942,3,0
5943,3,0
5944,3,0
5945,3,0
5946,3,0
5947,3,0
5948,3,0
5949,3,0
5950,3,0
5951,3,0
5952,3,0
5953,3,0
5954,3,0
5955,3,0
5956,3,0
5957,3,0
5958,3,0
5959,3,0
5960,3,0
5961,3,0
5962,3,0
5963,3,0
5964,3,0
5965,3,0
5966,3,0
5967,3,0
5968,3,0
5969,3,0
5970,3,0
5971,3,0
5972,3,0
5973,3,0
5974,3,0
5975,3,0
5976,3,0
5977,3,0
5978,3,0
5979,3,0
5980,3,0
5981,3,0
5982,3,0
5983,3,0
5984,3,0
5985,3,0
5987,3,0
5988,3,0
5991,3,0
5992,3,0
5993,3,0
5994,3,0
5995,3,0
5998,3,0
5999,3,0
6000,3,0
6001,3,0
6002,3,0
6003,3,0
6004,3,0
6005,3,0
6006,3,0
6007,3,0
6008,3,0
6009,3,0
6010,3,0
6012,3,0
6013,3,0
6014,3,0
6015,3,0
6016,3,0
6017,3,0
6018,3,0
6019,3,0
6020,3,0
6021,3,0
6022,3,0
6023,3,0
6024,3,0
6025,3,0
6026,3,0
6027,3,0
6028,3,0
6029,3,0
6030,3,0
6031,3,0
6032,3,0
6033,3,0
6034,3,0
6035,3,0
6036,3,0
6038,3,0
6040,3,0
6041,3,0
6042,3,0
6043,3,0
6044,3,0
6045,3,0
6046,3,0
6047,3,0
6048,3,0
6049,3,0
6050,3,0
6051,3,0
6052,3,0
6053,3,0
6054,3,0
6055,3,0
6056,3,0
6058,3,0
6059,3,0
6060,3,0
6061,3,0
6062,3,0
6063,3,0
6064,3,0
6065,3,0
6066,3,0
6067,3,0
6068,3,0
6069,3,0
6070,3,0
6071,3,0
6072,3,0
6073,3,0
6074,3,0
6075,3,0
6076,3,0
6077,3,0
6078,3,0
6079,3,0
6080,3,0
6081,3,0
6082,3,0
6083,3,0
6085,3,0
6086,3,0
6089,3,0
6091,3,0
6093,3,0
6094,3,0
6095,3,0
6096,3,0
6097,3,0
6098,3,0
6099,3,0
6100,3,0
6101,3,0
6102,3,0
6103,3,0
6104,3,0
6106,3,0
6107,3,0
6108,3,0
6109,3,0
6110,3,0
6111,3,0
6112,3,0
6113,3,0
6114,3,0
6115,3,0
6116,3,0
6117,3,0
6118,3,0
6119,3,0
6120,3,0
6121,3,0
6122,3,0
6123,3,0
6124,3,0
6125,3,0
6126,3,0
6127,3,0
6128,3,0
6129,3,0
6130,3,0
6131,3,0
6132,3,0
6133,3,0
6134,3,0
6135,3,0
6136,3,0
6138,3,0
6139,3,0
6140,3,0
6141,3,0
6142,3,0
6143,3,0
6144,3,0
6145,3,0
6146,3,0
6147,3,0
6148,3,0
6149,3,0
6150,3,0
6151,3,0
6152,3,0
6154,3,0
6155,3,0
6156,3,0
6157,3,0
6158,3,0
6160,3,0
6161,3,0
6162,3,0
6163,3,0
6164,3,0
6165,3,0
6167,3,0
6168,3,0
6170,3,0
6171,3,0
6172,3,0
6173,3,0
6174,3,0
6175,3,0
6176,3,0
6177,3,0
6178,3,0
6179,3,0
6180,3,0
6181,3,0
6182,3,0
6183,3,0
6184,3,0
6185,3,0
6186,3,0
6187,3,0
6188,3,0
6189,3,0
6190,3,0
6191,3,0
6192,3,0
6194,3,0
6196,3,0
6197,3,0
6200,3,0
6201,3,0
6202,3,0
6204,3,0
6205,3,0
6206,3,0
6207,3,0
6209,3,0
6210,3,0
6211,3,0
6212,3,0
6213,3,0
6214,3,0
6215,3,0
6216,3,0
6217,3,0
6218,3,0
6219,3,0
6220,3,0
6221,3,0
6222,3,0
6223,3,0
6224,3,0
6225,3,0
6226,3,0
6227,3,0
6228,3,0
6229,3,0
6230,3,0
6231,3,0
6232,3,0
6233,3,0
6234,3,0
6235,3,0
6236,3,0
6237,3,0
6238,3,0
6239,3,0
6240,3,0
6241,3,0
6242,3,0
6243,3,0
6244,3,0
6245,3,0
6246,3,0
6247,3,0
6248,3,0
6249,3,0
6250,3,0
6251,3,0
6252,3,0
6253,3,0
6254,3,0
6255,3,0
6256,3,0
6257,3,0
6258,3,0
6259,3,0
6260,3,0
6261,3,0
6262,3,0
6263,3,0
6264,3,0
6265,3,0
6266,3,0
6267,3,0
6268,3,0
6269,3,0
6270,3,0
6271,3,0
6272,3,0
6273,3,0
6275,3,0
6276,3,0
6277,3,0
6278,3,0
6279,3,0
6280,3,0
6281,3,0
6282,3,0
6283,3,0
6284,3,0
6285,3,0
6286,3,0
6287,3,0
6288,3,0
6289,3,0
6290,3,0
6292,3,0
6293,3,0
6294,3,0
6295,3,0
6296,3,0
6297,3,0
6298,3,0
6299,3,0
6300,3,0
6301,3,0
6302,3,0
6303,3,0
6304,3,0
6305,3,0
6306,3,0
6307,3,0
6308,3,0
6309,3,0
6310,3,0
6311,3,0
6312,3,0
6313,3,0
6314,3,0
6315,3,0
6316,3,0
6317,3,0
6318,3,0
6319,3,0
6320,3,0
6321,3,0
6323,3,0
6324,3,0
6325,3,0
6326,3,0
6327,3,0
6329,3,0
6330,3,0
4,4,1
108,4,0
9,9,1
10,10,1
12,12,1
13,13,1
14,14,1
361,14,0
17,17,1
480,17,0
487,17,0
19,19,1
23,23,1
25,25,1
69,25,0
27,27,1
28,28,1
40,28,0
29,29,1
30,30,1
31,31,1
33,33,1
34,34,1
62,34,0
94,34,0
119,34,0
181,34,0
214,34,0
240,34,0
289,34,0
327,34,0
334,34,0
368,34,0
415,34,0
37,37,1
38,38,1
43,43,1
45,45,1
48,48,1
51,48,0
56,48,0
61,48,0
63,48,0
64,48,0
65,48,0
70,48,0
78,48,0
86,48,0
99,48,0
116,48,0
196,48,0
203,48,0
221,48,0
444,48,0
499,48,0
1206,48,0
1228,48,0
1256,48,0
1285,48,0
1302,48,0
1367,48,0
1401,48,0
1456,48,0
1509,48,0
1556,48,0
1586,48,0
1597,48,0
1663,48,0
1676,48,0
1695,48,0
1752,48,0
1763,48,0
1764,48,0
4868,48,0
57,57,1
67,67,1
68,68,1
84,84,1
90,90,1
93,93,1
96,96,1
97,97,1
123,97,0
101,101,1
217,101,0
304,101,0
410,101,0
520,101,0
106,106,1
111,111,1
115,115,1
288,115,0
117,117,1
118,118,1
134,118,0
160,118,0
423,118,0
470,118,0
472,118,0
516,118,0
517,118,0
569,118,0
121,121,1
125,125,1
127,127,1
128,128,1
129,129,1
130,130,1
132,132,1
137,137,1
149,149,1
242,149,0
359,149,0
495,149,0
580,149,0
151,151,1
315,151,0
347,151,0
352,151,0
154,154,1
158,158,1
164,164,1
165,165,1
170,165,0
549,165,0
1119,165,0
167,167,1
169,169,1
171,171,1
241,171,0
492,171,0
172,172,1
307,172,0
174,174,1
177,177,1
179,177,0
180,180,1
182,182,1
271,182,0
391,182,0
561,182,0
191,191,1
202,202,1
210,210,1
213,213,1
218,218,1
219,219,1
305,219,0
228,228,1
342,228,0
229,229,1
231,231,1
237,237,1
432,237,0
239,239,1
253,253,1
256,256,1
260,260,1
263,263,1
269,269,1
273,273,1
298,273,0
278,278,1
286,286,1
292,292,1
543,292,0
597,292,0
293,293,1
509,293,0
537,293,0
564,293,0
582,293,0
294,294,1
296,296,1
300,300,1
303,303,1
310,310,1
311,311,1
317,317,1
318,318,1
321,321,1
324,324,1
331,331,1
335,335,1
340,340,1
341,341,1
348,348,1
356,356,1
363,363,1
372,372,1
377,377,1
378,378,1
383,383,1
385,385,1
392,392,1
399,399,1
401,401,1
402,402,1
408,408,1
412,412,1
414,414,1
416,416,1
419,419,1
427,427,1
465,427,0
474,427,0
430,430,1
433,433,1
441,441,1
442,442,1
443,443,1
445,445,1
455,455,1
457,457,1
460,460,1
464,464,1
466,466,1
469,469,1
477,477,1
483,483,1
486,486,1
489,489,1
490,489,0
493,493,1
497,497,1
498,498,1
502,502,1
505,505,1
518,518,1
519,519,1
521,521,1
525,525,1
530,530,1
532,532,1
538,538,1
541,541,1
556,541,0
545,545,1
566,545,0
551,551,1
554,554,1
565,565,1
567,567,1
579,579,1
585,585,1
596,596,1
601,601,1
610,610,1
618,618,1
621,621,1
626,621,0
624,624,1
629,629,1
630,629,0
631,631,1
642,642,1
643,643,1
644,643,0
654,654,1
655,655,1
656,656,1
657,656,0
658,656,0
659,659,1
660,660,1
938,660,0
661,661,1
1129,661,0
1130,661,0
662,662,1
674,674,1
697,697,1
698,698,1
699,699,1
700,699,0
701,701,1
712,712,1
726,712,0
915,712,0
715,715,1
718,718,1
724,724,1
751,751,1
753,751,0
754,754,1
757,757,1
760,760,1
762,762,1
771,771,1
776,776,1
783,783,1
923,783,0
1067,783,0
1068,783,0
1069,783,0
1085,783,0
1086,783,0
784,784,1
791,791,1
792,792,1
794,794,1
801,801,1
802,801,0
811,811,1
812,812,1
813,813,1
815,815,1
818,818,1
820,820,1
822,822,1
827,827,1
833,833,1
851,851,1
861,861,1
869,869,1
870,870,1
871,870,0
872,870,0
874,874,1
875,874,0
876,874,0
877,874,0
878,874,0
879,879,1
880,879,0
881,881,1
882,881,0
884,881,0
883,883,1
888,888,1
889,889,1
898,898,1
909,909,1
913,909,0
924,924,1
926,926,1
927,927,1
928,927,0
934,934,1
935,935,1
940,940,1
964,940,0
1064,940,0
1066,940,0
946,946,1
951,951,1
955,955,1
956,955,0
957,955,0
959,959,1
966,966,1
967,966,0
968,968,1
969,969,1
972,972,1
973,972,0
974,972,0
975,975,1
977,975,0
979,979,1
981,981,1
989,989,1
990,990,1
1006,1006,1
1019,1019,1
1021,1021,1
1028,1028,1
1029,1028,0
1032,1032,1
1033,1033,1
1039,1039,1
1040,1040,1
1063,1063,1
1065,1065,1
1072,1072,1
1084,1084,1
1091,1091,1
1092,1091,0
1106,1106,1
1116,1106,0
1111,1111,1
1113,1113,1
1114,1114,1
1115,1114,0
1124,1114,0
1191,1114,0
1192,1114,0
1196,1114,0
1197,1114,0
1123,1123,1
1125,1125,1
1131,1131,1
1134,1134,1
1135,1135,1
1136,1136,1
1138,1138,1
1139,1138,0
1140,1140,1
1141,1141,1
1142,1141,0
1144,1144,1
1146,1146,1
1147,1147,1
1151,1151,1
1154,1154,1
1158,1154,0
1155,1155,1
1156,1156,1
1157,1156,0
1166,1166,1
1175,1175,1
1182,1182,1
1183,1183,1
1184,1183,0
1185,1185,1
1265,1265,1
1447,1265,0
1545,1265,0
1279,1279,1
1311,1279,0
1553,1279,0
1280,1280,1
1554,1280,0
1327,1327,1
1678,1327,0
1362,1362,1
1599,1362,0
1647,1362,0
1433,1433,1
1468,1468,1
1477,1477,1
1493,1493,1
1701,1493,0
1702,1493,0
1749,1493,0
1517,1517,1
1566,1566,1
1573,1573,1
1582,1582,1
1633,1633,1
1668,1668,1
1679,1679,1
1818,1818,1
2001,2001,1
2060,2060,1
2061,2060,0
2064,2060,0
2065,2060,0
2085,2085,1
2506,2506,1
2764,2506,0
2882,2506,0
2921,2506,0
2926,2506,0
2956,2506,0
2965,2506,0
3037,2506,0
3062,2506,0
2614,2614,1
2623,2623,1
2707,2707,1
2868,2868,1
2922,2922,1
3020,3020,1
3033,3033,1
3069,3069,1
3113,3113,1
3211,3211,1
3292,3292,1
3492,3492,1
3584,3584,1
3669,3669,1
4015,3669,0
5003,3669,0
3700,3700,1
4087,4087,1
4149,4149,1
4339,4339,1
4367,4367,1
4431,4431,1
4542,4542,1
4564,4564,1
4777,4777,1
4848,4848,1
4995,4995,1
5061,5061,1
5131,5131,1
5133,5133,1
5140,5140,1
5150,5140,0
5184,5140,0
5143,5143,1
5145,5145,1
5146,5146,1
5148,5148,1
5376,5148,0
5151,5151,1
5158,5158,1
5171,5171,1
5395,5171,0
5172,5172,1
5174,5174,1
5176,5176,1
5178,5178,1
5200,5178,0
5180,5180,1
5634,5180,0
5652,5180,0
5691,5180,0
5183,5183,1
5716,5183,0
5190,5190,1
5205,5205,1
5213,5213,1
5219,5219,1
5234,5234,1
5236,5236,1
5240,5236,0
5241,5236,0
5246,5236,0
5245,5245,1
5249,5249,1
5257,5257,1
5264,5264,1
5270,5270,1
5272,5272,1
5282,5272,0
5275,5275,1
5286,5286,1
5289,5289,1
5300,5300,1
5305,5305,1
5309,5309,1
5593,5309,0
5310,5310,1
5314,5310,0
5315,5315,1
5675,5315,0
5729,5315,0
5320,5320,1
5332,5332,1
5377,5332,0
5378,5332,0
5346,5346,1
5387,5387,1
5409,5409,1
5430,5430,1
5448,5448,1
5470,5470,1
5471,5471,1
5514,5514,1
5536,5514,0
5546,5514,0
5785,5514,0
5519,5519,1
5522,5522,1
5528,5528,1
5535,5528,0
5746,5528,0
5769,5528,0
5787,5528,0
5532,5532,1
5540,5540,1
5643,5540,0
5544,5544,1
5553,5553,1
5576,5576,1
5586,5586,1
5598,5598,1
5599,5599,1
5603,5603,1
5607,5607,1
5608,5608,1
5613,5613,1
5616,5616,1
5712,5616,0
5635,5635,1
5637,5637,1
5665,5665,1
5667,5667,1
5711,5711,1
5758,5758,1
5759,5758,0
5761,5761,1
5763,5763,1
5765,5765,1
5776,5776,1
5779,5779,1
6037,5779,0
6039,5779,0
5792,5792,1
5793,5792,0
5796,5792,0
5986,5792,0
5795,5795,1
5800,5800,1
5831,5831,1
5867,5867,1
5921,5921,1
5989,5989,1
5990,5990,1
5996,5996,1
5997,5997,1
6011,6011,1
6057,6057,1
6084,6084,1
6090,6084,0
6087,6087,1
6088,6088,1
6092,6088,0
6105,6105,1
6137,6137,1
6153,6153,1
6159,6159,1
6166,6159,0
6169,6169,1
6193,6193,1
6195,6195,1
6198,6198,1
6203,6198,0
6199,6199,1
6208,6208,1
6274,6274,1
6291,6291,1
6322,6322,1
6328,6328,1
